date,time,group,subject,Age_Group,session,build,DOB_response,DOB_latency,Age_response,Age_latency,Sex_response,Sex_latency,Handedness_response,Handedness_latency,English_Langauge_response,English_Langauge_latency,Ethnicity_response,Ethnicity_latency,Raceoption_response,Raceoption1_latency,Education_Years_response,Education_Years_latency,Education_Attainment_response,Education_Attainment_latency,Technical_Difficultiesoption1_response,Technical_Difficultiesoption1_latency,Technical_Difficultiesoption2_response,Technical_Difficultiesoption2_latency,Technical_Difficultiesother_response,Technical_Difficultiesother_latency
2021-11-16,20:13:01,1,61362d6948d613a7ac12f5c5,Younger,1,6.5.1,4021997,35984,24,35984,Female,35984,Right hand,35984,Yes,35984,Not Hispanic or Latino,35928,Black or African American,35928,18 (six years of college),35928,Bachelors,35928,"No, I had no technical difficulties",35928,,35928,,35928
2021-11-16,20:47:00,1,6118bc3697553df24b86ad7d,Younger,1,6.5.1,9041998,29246,23,29246,Male,29246,Right hand,29246,Yes,29246,Unknown,32331,Some other race (please describe)Mixed Race,32331,14 (two years of college),32331,Diploma/GED,32331,"No, I had no technical difficulties",32331,,32331,,32331
2021-12-07,09:50:09,1,5f1201f1c1ac1410a8f39a21,Younger,1,6.5.1,5021997,12539,24,12539,Female,12539,Right hand,12539,Yes,12539,Not Hispanic or Latino,11588,South Asian,11588,17 (five years of college),11588,Masters,11588,"No, I had no technical difficulties",11588,,11588,,11588
2021-12-07,08:49:02,1,61107313f8a8c5d8adc23703,Younger,1,6.5.1,12112001,27403,19,27403,Female,27403,Left hand,27403,Yes,27403,Hispanic or Latino,35265,American Indian/Alaska Native,35265,13 (one year of college),35265,Diploma/GED,35265,"No, I had no technical difficulties",35265,,35265,,35265
2021-12-07,15:01:14,1,61607fcdcefefeb3b0803e42,Younger,1,6.5.1,6122002,146922,19,146922,Male,146922,Right hand,146922,Yes,146922,Not Hispanic or Latino,46821,White,46821,14 (two years of college),46821,Associates,46821,"No, I had no technical difficulties",46821,,46821,,46821
2021-12-07,07:11:44,1,5f117a19d614293b07fdb9cf,Younger,1,6.5.1,5192002,23354,19,23354,Female,23354,Right hand,23354,Yes,23354,Not Hispanic or Latino,33693,Some other race (please describe)Sout East Asian,33693,14 (two years of college),33693,Diploma/GED,33693,"No, I had no technical difficulties",33693,,33693,,33693
2021-12-07,10:11:50,1,5b0a38d230d5620001551e0d,Younger,1,6.5.1,3031993,30620,28,30620,Male,30620,Right hand,30620,Yes,30620,Not Hispanic or Latino,25459,White,25459,14 (two years of college),25459,Diploma/GED,25459,"No, I had no technical difficulties",25459,,25459,,25459
2021-12-07,10:14:01,1,61083edafaebb567540700e4,Younger,1,6.5.1,10031999,15775,22,15775,Female,15775,Right hand,15775,Yes,15775,Not Hispanic or Latino,18958,White,18958,16 (four years of college),18958,Bachelors,18958,"No, I had no technical difficulties",18958,,18958,,18958
2021-12-07,10:17:45,1,6172f24376e4b0e5e7e8dd70,Younger,1,6.5.1,12291996,20022,24,20022,Female,20022,Right hand,20022,No,20022,Hispanic or Latino,23444,Some other race (please describe)Hispanic,23444,16 (four years of college),23444,Bachelors,23444,"No, I had no technical difficulties",23444,,23444,,23444
2021-12-07,10:20:37,1,61086072d72c21294fe77825,Younger,1,6.5.1,9291997,32466,24,32466,Female,32466,Right hand,32466,Yes,32466,Not Hispanic or Latino,20798,White,20798,18 (six years of college),20798,Masters,20798,"No, I had no technical difficulties",20798,,20798,,20798
2021-12-07,07:27:38,1,5ee8c7fc15b7921df9c2d2a6,Younger,1,6.5.1,1102002,24571,19,24571,Male,24571,Right hand,24571,Yes,24571,Hispanic or Latino,17614,White,17614,13 (one year of college),17614,Diploma/GED,17614,"No, I had no technical difficulties",17614,,17614,,17614
2021-12-07,10:18:00,1,5dd5db1ded7ea4574c7bc996,Younger,1,6.5.1,8031994,22925,27,22925,Male,22925,Right hand,22925,Yes,22925,Not Hispanic or Latino,16436,Black or African American,16436,16 (four years of college),16436,Bachelors,16436,"No, I had no technical difficulties",16436,,16436,,16436
2021-12-07,07:18:09,1,61729e07e7b9b645c1741ca9,Younger,1,6.5.1,4192002,98399,19,98399,Female,98399,Right hand,98399,Yes,98399,Not Hispanic or Latino,29917,Black or African American,29917,12 (high school),29917,Diploma/GED,29917,"No, I had no technical difficulties",29917,,29917,,29917
2021-12-07,09:25:45,1,5f62bff03a4958215b85d8bf,Younger,1,6.5.1,8281998,39357,23,39357,Male,39357,Right hand,39357,Yes,39357,Not Hispanic or Latino,29768,Black or African American,29768,14 (two years of college),29768,Associates,29768,"No, I had no technical difficulties",29768,,29768,,29768
2021-12-07,10:31:23,1,59c2ea395364260001dc4d93,Younger,1,6.5.1,9221996,21959,25,21959,Male,21959,Right hand,21959,Yes,21959,Not Hispanic or Latino,26825,East Asian,26825,15 (three years of college),26825,Diploma/GED,26825,,26825,"Yes, I had technical difficulties",26825,Cannot write slash symbol on date of birth,26825
2021-12-07,09:32:25,1,60c7c096903b9b083aa00c4f,Younger,1,6.5.1,2152000,19990,21,19990,Gender Diverse,19990,Right hand,19990,Yes,19990,Not Hispanic or Latino,20531,White,20531,13 (one year of college),20531,Diploma/GED,20531,"No, I had no technical difficulties",20531,,20531,,20531
2021-12-07,09:23:37,1,61108077464f6e272d1c8797,Younger,1,6.5.1,7221997,18712,24,18712,Female,18712,Right hand,18712,Yes,18712,Not Hispanic or Latino,25204,White,25204,19 (seven years of college),25204,Doctorate/PhD,25204,"No, I had no technical difficulties",25204,,25204,,25204
2021-12-07,23:43:37,1,613fda883d650eff1765cd31,Younger,1,6.5.0,2041994,76745,27,76745,Male,76745,Right hand,76745,Yes,76745,Not Hispanic or Latino,18242,White,18242,19 (seven years of college),18242,Masters,18242,"No, I had no technical difficulties",18242,,18242,,18242
2021-12-07,07:37:15,1,614a3b656c2a291f343d7405,Younger,1,6.5.1,6261997,86425,24,86425,Male,86425,Right hand,86425,Yes,86425,Not Hispanic or Latino,59721,Black or African American,59721,12 (high school),59721,Diploma/GED,59721,"No, I had no technical difficulties",59721,,59721,,59721
2021-12-07,09:56:54,1,5f3ea301ce0b340fbb67f607,Younger,1,6.5.1,3052002,21468,19,21468,Female,21468,Left hand,21468,Yes,21468,Not Hispanic or Latino,21853,South Asian,21853,14 (two years of college),21853,Diploma/GED,21853,"No, I had no technical difficulties",21853,,21853,,21853
2021-12-07,10:40:26,1,5e49da75ea0f3c4553a9e3b2,Younger,1,6.5.1,7181998,19964,23,19964,Female,19964,Right hand,19964,Yes,19964,Hispanic or Latino,17943,Black or African AmericanWhite,17943,12 (high school),17943,Diploma/GED,17943,"No, I had no technical difficulties",17943,,17943,,17943
2021-12-07,08:47:14,1,5eeaff28cf5da71d691ef212,Younger,1,6.5.1,8231999,27693,22,27693,Male,27693,Left hand,27693,Yes,27693,Not Hispanic or Latino,20463,East Asian,20463,16 (four years of college),20463,Bachelors,20463,"No, I had no technical difficulties",20463,,20463,,20463
2021-12-07,12:02:48,1,61095a40919bbd3c8637052e,Younger,1,6.5.1,5141994,19307,27,19307,Female,19307,Right hand,19307,Yes,19307,Not Hispanic or Latino,15165,White,15165,16 (four years of college),15165,Bachelors,15165,"No, I had no technical difficulties",15165,,15165,,15165
2022-06-28,11:29:42,1,5f765a3c8a6ec010370c9cc1,Younger,1,6.5.2,10261999,19036,22,19036,Male,19036,Right hand,19036,Yes,19036,Not Hispanic or Latino,13051,White,13051,12 (high school),13051,Diploma/GED,13051,"No, I had no technical difficulties",13051,,13051,,13051
2022-06-28,10:36:47,1,5c2699d8867f660001ae2fd4,Younger,1,6.5.2,3261996,21449,26,21449,Male,21449,Right hand,21449,Yes,21449,Hispanic or Latino,15013,White,15013,15 (three years of college),15013,Diploma/GED,15013,"No, I had no technical difficulties",15013,,15013,,15013
2022-06-28,10:47:43,1,6101930ddd5330f83b898c61,Younger,1,6.6.0,7302001,21769,20,21769,Female,21769,Right hand,21769,Yes,21769,Not Hispanic or Latino,12274,White,12274,12 (high school),12274,Diploma/GED,12274,"No, I had no technical difficulties",12274,,12274,,12274
2022-06-28,10:44:28,1,5ebc6d34046b2a0bc9f2b3b8,Younger,1,6.5.2,6231997,29132,25,29132,Female,29132,Right hand,29132,Yes,29132,Not Hispanic or Latino,18125,White,18125,13 (one year of college),18125,Diploma/GED,18125,"No, I had no technical difficulties",18125,,18125,,18125
2022-06-28,11:54:00,1,629e3531a1dde5d808a5732b,Younger,1,6.5.2,7091998,16992,23,16992,Male,16992,Right hand,16992,Yes,16992,Not Hispanic or Latino,28284,White,28284,13 (one year of college),28284,Diploma/GED,28284,"No, I had no technical difficulties",28284,,28284,,28284
2022-06-28,08:50:19,1,62962c18b210880e85c1fc8e,Younger,1,6.5.2,7301993,18645,28,18645,Male,18645,Right hand,18645,Yes,18645,Not Hispanic or Latino,21154,White,21154,14 (two years of college),21154,Associates,21154,"No, I had no technical difficulties",21154,,21154,,21154
2022-06-28,11:02:14,1,61019fe1c6bc61fafe1c74fe,Younger,1,6.5.2,4172001,17892,21,17892,Female,17892,Right hand,17892,Yes,17892,Not Hispanic or Latino,15175,Black or African AmericanWhite,15175,12 (high school),15175,Diploma/GED,15175,"No, I had no technical difficulties",15175,,15175,,15175
2022-06-28,12:15:16,1,611131e47725f6a04c723651,Younger,1,6.6.0,5231995,22499,27,22499,Female,22499,Right hand,22499,Yes,22499,Hispanic or Latino,12199,White,12199,16 (four years of college),12199,Bachelors,12199,"No, I had no technical difficulties",12199,,12199,,12199
2022-06-28,12:15:33,1,6168cbfbad1cc13ba73ade6e,Younger,1,6.6.0,7191994,78338,27,78338,Male,78338,Right hand,78338,Yes,78338,Not Hispanic or Latino,38415,White,38415,16 (four years of college),38415,Bachelors,38415,"No, I had no technical difficulties",38415,,38415,,38415
2023-01-24,13:33:04,1,6361a26e73868c941f592107,Younger,1,6.5.2,7121994,24489,28,24489,Male,24489,Right hand,24489,Yes,24489,Not Hispanic or Latino,28756,White,28756,16 (four years of college),28756,Bachelors,28756,"No, I had no technical difficulties",28756,,28756,,28756
2023-02-02,11:06:09,1,60fd6697546be8a6eb141693,Younger,1,6.5.2,5131999,25966,23,25966,Male,25966,Right hand,25966,Yes,25966,Hispanic or Latino,33292,White,33292,17 (five years of college),33292,Associates,33292,,33292,"Yes, I had technical difficulties",33292,consent page did not load,33292
2021-11-18,10:13:26,2,60914b36d3a40e29d35a8d60,Younger,1,6.5.1,6251997,14500,24,14500,Female,14500,Left hand,14500,Yes,14500,Not Hispanic or Latino,15957,White,15957,16 (four years of college),15957,Bachelors,15957,"No, I had no technical difficulties",15957,,15957,,15957
2021-11-18,07:39:44,2,615e0f0c1ce04323aec71577,Younger,1,6.5.1,12051995,27477,25,27477,Male,27477,Right hand,27477,Yes,27477,Not Hispanic or Latino,21479,White,21479,16 (four years of college),21479,Bachelors,21479,"No, I had no technical difficulties",21479,,21479,,21479
2021-12-13,14:25:58,2,60fcaa7ac117649e189a3ee1,Younger,1,6.5.1,5062000,18326,21,18326,Female,18326,Right hand,18326,Yes,18326,Not Hispanic or Latino,17055,White,17055,16 (four years of college),17055,Bachelors,17055,"No, I had no technical difficulties",17055,,17055,,17055
2021-12-13,15:16:08,2,60fdc5e1be4b5d5d5a5a9613,Younger,1,6.5.1,12221999,26701,21,26701,Female,26701,Right hand,26701,Yes,26701,Hispanic or Latino,29744,White,29744,16 (four years of college),29744,Diploma/GED,29744,"No, I had no technical difficulties",29744,,29744,,29744
2021-12-13,15:21:46,2,61016268f9a351d3171a0fde,Younger,1,6.5.1,11162002,31899,19,31899,Female,31899,Right hand,31899,Yes,31899,Not Hispanic or Latino,24158,Black or African American,24158,12 (high school),24158,Diploma/GED,24158,"No, I had no technical difficulties",24158,,24158,,24158
2021-12-13,12:22:44,2,555906c9fdf99b06175ee24c,Younger,1,6.5.1,7071997,27752,24,27752,Female,27752,Right hand,27752,Yes,27752,Hispanic or Latino,19442,American Indian/Alaska NativeWhite,19442,14 (two years of college),19442,Associates,19442,"No, I had no technical difficulties",19442,,19442,,19442
2021-12-13,12:31:30,2,5ef8e0fc2ce3c6644665e347,Younger,1,6.5.1,3261996,36168,25,36168,Male,36168,Right hand,36168,Yes,36168,Hispanic or Latino,18805,White,18805,13 (one year of college),18805,Diploma/GED,18805,"No, I had no technical difficulties",18805,,18805,,18805
2021-12-13,15:26:00,2,6108755566ea91cc4bf94c0a,Younger,1,6.5.1,4032003,30091,18,30091,Female,30091,Right hand,30091,Yes,30091,Not Hispanic or Latino,17230,Black or African American,17230,12 (high school),17230,Diploma/GED,17230,"No, I had no technical difficulties",17230,,17230,,17230
2021-12-13,14:39:43,2,602af54feff74b1eeac797e8,Younger,1,6.5.1,5172001,22658,20,22658,Male,22658,Right hand,22658,No,22658,Not Hispanic or Latino,16823,White,16823,15 (three years of college),16823,Diploma/GED,16823,"No, I had no technical difficulties",16823,,16823,,16823
2021-12-13,14:32:11,2,611e0d3c67d86e1ff9f58428,Younger,1,6.5.1,3191999,58127,22,58127,Male,58127,Right hand,58127,Yes,58127,Not Hispanic or Latino,22788,American Indian/Alaska NativeBlack or African AmericanWhite,22788,13 (one year of college),22788,Associates,22788,"No, I had no technical difficulties",22788,,22788,,22788
2021-12-13,14:42:46,2,60a40bd48fd5b3f64c19c91a,Younger,1,6.5.1,9161999,22638,22,22638,Male,22638,Right hand,22638,Yes,22638,Not Hispanic or Latino,16138,White,16138,16 (four years of college),16138,Associates,16138,"No, I had no technical difficulties",16138,,16138,,16138
2021-12-13,15:46:46,2,5cf08a81f7ab870015139666,Younger,1,6.5.1,7032000,15684,21,15684,Male,15684,Right hand,15684,Yes,15684,Not Hispanic or Latino,19213,White,19213,15 (three years of college),19213,Diploma/GED,19213,"No, I had no technical difficulties",19213,,19213,,19213
2021-12-13,15:48:17,2,5eb883cc52bcce7d6fadf5a0,Younger,1,6.5.1,11271999,17627,21,17627,Male,17627,Right hand,17627,Yes,17627,Not Hispanic or Latino,13592,American Indian/Alaska NativeSouth Asian,13592,14 (two years of college),13592,Associates,13592,"No, I had no technical difficulties",13592,,13592,,13592
2021-12-13,15:52:07,2,617612aa86abe09e0c69b7f2,Younger,1,6.5.1,5011996,41019,25,41019,Male,41019,Right hand,41019,Yes,41019,Not Hispanic or Latino,87365,White,87365,12 (high school),87365,Diploma/GED,87365,,87365,"Yes, I had technical difficulties",87365,some of the headlines I saw in the first and second part I did not see in the first set of headlines. Also in that first set I saw almost every headline more than once.,87365
2021-12-13,15:51:33,2,5b21259ce5cd900001125a0b,Younger,1,6.5.1,4121994,19663,27,19663,Male,19663,Right hand,19663,Yes,19663,Not Hispanic or Latino,21981,White,21981,17 (five years of college),21981,Masters,21981,"No, I had no technical difficulties",21981,,21981,,21981
2021-12-13,15:10:08,2,6145a88c94a2c86532d36b0f,Younger,1,6.5.1,5191998,21455,23,21455,Male,21455,Right hand,21455,Yes,21455,Hispanic or Latino,46042,American Indian/Alaska NativeSome other race (please describe),46042,12 (high school),46042,Diploma/GED,46042,"No, I had no technical difficulties",46042,,46042,,46042
2021-12-13,17:48:55,2,5685850c333cbd000d4e042f,Younger,1,6.5.0,5111994,26125,27,26125,Male,26125,Right hand,26125,Yes,26125,Not Hispanic or Latino,17608,White,17608,12 (high school),17608,Diploma/GED,17608,"No, I had no technical difficulties",17608,,17608,,17608
2022-06-28,15:06:20,2,5e83abb4e0a2e40fd565226d,Younger,1,6.5.2,6071998,19102,24,19102,Female,19102,Right hand,19102,Yes,19102,Not Hispanic or Latino,14485,Black or African American,14485,12 (high school),14485,Diploma/GED,14485,"No, I had no technical difficulties",14485,,14485,,14485
2022-06-28,15:03:56,2,614f571879ee135c5a579e08,Younger,1,6.5.2,11191994,40112,27,40112,Male,40112,Right hand,40112,Yes,40112,Not Hispanic or Latino,36296,Black or African American,36296,14 (two years of college),36296,Diploma/GED,36296,"No, I had no technical difficulties",36296,,36296,,36296
2022-06-28,14:13:30,2,60ea823910936e7bff37d86b,Younger,1,6.6.0,12121998,24004,23,24004,Male,24004,Right hand,24004,Yes,24004,Not Hispanic or Latino,12409,White,12409,16 (four years of college),12409,Bachelors,12409,"No, I had no technical difficulties",12409,,12409,,12409
2022-06-28,12:10:14,2,5ddb4658f3b7c2a9e4aa5086,Younger,1,6.5.2,6121996,18464,26,18464,Male,18464,Right hand,18464,Yes,18464,Hispanic or Latino,15469,,15469,14 (two years of college),15469,Associates,15469,"No, I had no technical difficulties",15469,,15469,,15469
2022-06-28,14:08:42,2,611c0228cb6bd61a906c8845,Younger,1,6.5.1,3302000,13532,22,13532,Gender Diverse,13532,Right hand,13532,Yes,13532,Hispanic or Latino,16610,White,16610,12 (high school),16610,Diploma/GED,16610,"No, I had no technical difficulties",16610,,16610,,16610
2022-06-28,14:34:12,2,5da812b2e627d7001017ae7d,Younger,1,6.5.2,8301998,11978,23,11978,Male,11978,Right hand,11978,Yes,11978,Not Hispanic or Latino,25488,East AsianWhite,25488,13 (one year of college),25488,Diploma/GED,25488,"No, I had no technical difficulties",25488,,25488,,25488
2022-06-28,15:47:06,2,5d8b32e664ac880018630273,Younger,1,6.5.2,10131993,19237,28,19237,Male,19237,Right hand,19237,Yes,19237,Not Hispanic or Latino,22997,White,22997,16 (four years of college),22997,Bachelors,22997,"No, I had no technical difficulties",22997,,22997,,22997
2022-06-28,15:58:59,2,5f3c23cbcee6b3a3c4faff76,Younger,1,6.5.2,9211998,28959,23,28959,Female,28959,Left hand,28959,Yes,28959,Not Hispanic or Latino,18844,White,18844,12 (high school),18844,Diploma/GED,18844,"No, I had no technical difficulties",18844,,18844,,18844
2022-06-28,12:59:04,2,61115686fa7f267dae6767fc,Younger,1,6.5.2,10031998,26135,23,26135,Female,26135,Right hand,26135,Yes,26135,Hispanic or Latino,23175,East Asian,23175,18 (six years of college),23175,Masters,23175,"No, I had no technical difficulties",23175,,23175,,23175
2022-06-28,16:00:56,2,6236fe0ee063333a3e1ba72a,Younger,1,6.5.2,4191999,15745,23,15745,Female,15745,Right hand,15745,Yes,15745,Not Hispanic or Latino,27773,Black or African American,27773,15 (three years of college),27773,Diploma/GED,27773,"No, I had no technical difficulties",27773,,27773,,27773
2022-06-28,16:01:14,2,53987712fdf99b68e3a45021,Younger,1,6.6.0,12011993,16107,28,16107,Female,16107,Right hand,16107,Yes,16107,Unknown,9650,East Asian,9650,17 (five years of college),9650,Bachelors,9650,"No, I had no technical difficulties",9650,,9650,,9650
2022-06-28,14:55:33,2,62a8043b4d175a07e5250a72,Younger,1,6.5.2,11122001,32025,20,32025,Male,32025,Right hand,32025,Yes,32025,Hispanic or Latino,24219,White,24219,15 (three years of college),24219,Diploma/GED,24219,"No, I had no technical difficulties",24219,,24219,,24219
2022-06-28,15:02:32,2,61115b08ef95f323c6b9ba99,Younger,1,6.5.2,1091997,34984,25,34984,Female,34984,Right hand,34984,Yes,34984,Not Hispanic or Latino,21360,Black or African AmericanWhite,21360,16 (four years of college),21360,Bachelors,21360,"No, I had no technical difficulties",21360,,21360,,21360
2022-06-28,15:27:50,2,5d332957d0635b00013bd785,Younger,2,6.5.2,1051995,17711,27,17711,Male,17711,Right hand,17711,Yes,17711,Not Hispanic or Latino,38495,White,38495,14 (two years of college),38495,Associates,38495,,38495,"Yes, I had technical difficulties",38495,The app crashed and I had to redo the study.,38495
2022-06-28,16:06:39,2,56e130548b1c33000a388671,Younger,1,6.5.2,7221993,26627,28,26627,Male,26627,Right hand,26627,Yes,26627,Not Hispanic or Latino,11439,White,11439,12 (high school),11439,Diploma/GED,11439,"No, I had no technical difficulties",11439,,11439,,11439
2022-06-28,17:06:36,2,5e4e844553bc702cdf68404d,Younger,1,6.6.0,1061999,36851,23,36851,Female,36851,Left hand,36851,Yes,36851,Not Hispanic or Latino,21078,American Indian/Alaska NativeBlack or African American,21078,16 (four years of college),21078,Diploma/GED,21078,"No, I had no technical difficulties",21078,,21078,,21078
2023-01-17,15:31:59,2,5adef850eb60400001539109,Younger,1,6.6.1,3141997,25299,25,25299,Male,25299,Right hand,25299,Yes,25299,Hispanic or Latino,19967,White,19967,13 (one year of college),19967,Diploma/GED,19967,"No, I had no technical difficulties",19967,,19967,,19967
2021-12-01,12:30:47,3,58ab2db50da7f10001de8e34,Younger,1,6.5.1,10031996,22883,25,22883,Male,22883,Right hand,22883,Yes,22883,Hispanic or Latino,11580,White,11580,16 (four years of college),11580,Bachelors,11580,"No, I had no technical difficulties",11580,,11580,,11580
2021-12-01,12:26:38,3,5d96b4f6d0e628001893a1af,Younger,1,6.5.1,3081994,43742,27,43742,Female,43742,Right hand,43742,Yes,43742,Not Hispanic or Latino,73477,Black or African American,73477,14 (two years of college),73477,Diploma/GED,73477,"No, I had no technical difficulties",73477,,73477,,73477
2022-06-14,13:20:17,3,60b1a6ceb8ed805efaa99650,Younger,1,6.5.2,11062000,33939,21,33939,Female,33939,Right hand,33939,Yes,33939,Not Hispanic or Latino,25721,White,25721,12 (high school),25721,Diploma/GED,25721,"No, I had no technical difficulties",25721,,25721,,25721
2022-06-14,12:21:27,3,60f592f40e80188d5bc991e8,Younger,1,6.5.2,7162002,20142,19,20142,Female,20142,Right hand,20142,Yes,20142,Not Hispanic or Latino,14249,Black or African American,14249,12 (high school),14249,Diploma/GED,14249,"No, I had no technical difficulties",14249,,14249,,14249
2022-06-14,13:29:09,3,615366914bfb3d9509710cba,Younger,1,6.5.2,11031999,27234,22,27234,Male,27234,Right hand,27234,Yes,27234,Not Hispanic or Latino,15376,White,15376,16 (four years of college),15376,Bachelors,15376,"No, I had no technical difficulties",15376,,15376,,15376
2022-06-14,12:55:46,3,5dea9f92c3aca11bffec8b7e,Younger,1,6.5.2,3081995,22472,27,22472,Male,22472,Right hand,22472,Yes,22472,Not Hispanic or Latino,17905,White,17905,16 (four years of college),17905,Bachelors,17905,"No, I had no technical difficulties",17905,,17905,,17905
2022-06-14,13:23:49,3,5fb5b40a8b30401623408375,Younger,1,6.5.2,5062001,35065,21,35065,Male,35065,Right hand,35065,Yes,35065,Hispanic or Latino,28695,White,28695,14 (two years of college),28695,Associates,28695,"No, I had no technical difficulties",28695,,28695,,28695
2022-06-14,13:26:56,3,629e5d789a6c92c8fbf8df95,Younger,1,6.5.2,6211997,264058,25,264058,Male,264058,Right hand,264058,Yes,264058,Not Hispanic or Latino,29220,Black or African American,29220,19 (seven years of college),29220,Masters,29220,"No, I had no technical difficulties",29220,,29220,,29220
2022-06-14,14:25:08,3,60ded53d38608c2fa0d1ac4f,Younger,1,6.5.2,5312003,67837,19,67837,Male,67837,Right hand,67837,Yes,67837,Not Hispanic or Latino,18109,White,18109,12 (high school),18109,Diploma/GED,18109,"No, I had no technical difficulties",18109,,18109,,18109
2022-06-14,14:33:25,3,5cfb5233df7d70001619ca90,Younger,1,6.5.2,12011998,55430,24,55430,Male,55430,Right hand,55430,Yes,55430,Not Hispanic or Latino,28421,White,28421,16 (four years of college),28421,Bachelors,28421,"No, I had no technical difficulties",28421,,28421,,28421
2022-06-14,15:09:07,3,58adfc6e7cf56d0001f931a2,Younger,1,6.5.2,4261997,34734,25,34734,Male,34734,Right hand,34734,Yes,34734,Not Hispanic or Latino,13399,Black or African American,13399,18 (six years of college),13399,Diploma/GED,13399,"No, I had no technical difficulties",13399,,13399,,13399
2022-12-20,05:26:05,3,608c75be6bf5ca1f23ab35ad,Younger,1,6.6.1,6242000,19382,22,19382,Male,19382,Left hand,19382,Yes,19382,Hispanic or Latino,13814,White,13814,16 (four years of college),13814,Bachelors,13814,"No, I had no technical difficulties",13814,,13814,,13814
2022-12-20,10:56:04,3,62c41fe598ab94de4d4f021e,Younger,2,6.6.1,12281995,99281,34,99281,Male,99281,Right hand,99281,Yes,99281,Not Hispanic or Latino,49338,Black or African American,49338,16 (four years of college),49338,Bachelors,49338,"No, I had no technical difficulties",49338,,49338,,49338
2022-12-20,05:11:18,3,5ebb96b6cd673a0008ace9ce,Younger,1,6.5.2,6251997,38681,25,38681,Male,38681,Left hand,38681,Yes,38681,Not Hispanic or Latino,17137,South Asian,17137,15 (three years of college),17137,Diploma/GED,17137,"No, I had no technical difficulties",17137,,17137,,17137
2022-12-20,06:38:57,3,63106ea4e8fe9c6cd32bf358,Younger,1,6.6.1,7151995,28636,27,28636,Male,28636,Right hand,28636,Yes,28636,Not Hispanic or Latino,15652,Black or African American,15652,12 (high school),15652,Diploma/GED,15652,"No, I had no technical difficulties",15652,,15652,,15652
2022-12-20,03:43:45,3,5d96eeed1998fb00177f6b71,Younger,1,6.6.1,11151997,33302,25,33302,Female,33302,Right hand,33302,Yes,33302,Not Hispanic or Latino,19107,East Asian,19107,16 (four years of college),19107,Bachelors,19107,"No, I had no technical difficulties",19107,,19107,,19107
2022-12-20,06:48:14,3,5eae37af3ac6885048af8db3,Younger,1,6.6.1,9031997,29084,25,29084,Male,29084,Right hand,29084,Yes,29084,Not Hispanic or Latino,19733,White,19733,15 (three years of college),19733,Associates,19733,"No, I had no technical difficulties",19733,,19733,,19733
2022-12-20,07:06:32,3,57ff0e138f420f00011a5d0e,Younger,1,6.6.1,6301997,16988,25,16988,Female,16988,Right hand,16988,Yes,16988,Hispanic or Latino,12307,White,12307,16 (four years of college),12307,Bachelors,12307,"No, I had no technical difficulties",12307,,12307,,12307
2022-12-20,07:03:34,3,633753ce3c8019c829e7ee33,Younger,1,6.6.1,4102000,39062,22,39062,Female,39062,Right hand,39062,Yes,39062,Not Hispanic or Latino,48319,Black or African American,48319,17 (five years of college),48319,Bachelors,48319,"No, I had no technical difficulties",48319,,48319,,48319
2022-12-20,07:18:00,3,5edfb0770fb0722aa3839b6d,Younger,1,6.5.2,7131995,19694,27,19694,Female,19694,Right hand,19694,Yes,19694,Not Hispanic or Latino,17927,White,17927,18 (six years of college),17927,Masters,17927,"No, I had no technical difficulties",17927,,17927,,17927
2022-12-20,07:20:24,3,5e065c9fe78021031a4b1d59,Younger,1,6.5.2,7291995,22896,27,22896,Female,22896,Right hand,22896,Yes,22896,Not Hispanic or Latino,12617,White,12617,16 (four years of college),12617,Bachelors,12617,"No, I had no technical difficulties",12617,,12617,,12617
2022-12-20,07:24:23,3,5d1e2045a37a4d001a1fc2cb,Younger,1,6.6.1,7191999,18442,23,18442,Male,18442,Left hand,18442,Yes,18442,Not Hispanic or Latino,17353,Black or African American,17353,15 (three years of college),17353,Associates,17353,"No, I had no technical difficulties",17353,,17353,,17353
2022-12-20,07:26:19,3,637e1f1515c2de2fd5c681dc,Younger,1,6.6.1,9302000,41314,22,41314,Male,41314,Right hand,41314,Yes,41314,Not Hispanic or Latino,21343,White,21343,12 (high school),21343,Diploma/GED,21343,"No, I had no technical difficulties",21343,,21343,,21343
2022-12-20,07:17:34,3,630a2fd6e76ccbe74374656d,Younger,1,6.5.2,1132004,18829,18,18829,Male,18829,Right hand,18829,Yes,18829,Not Hispanic or Latino,44963,White,44963,12 (high school),44963,Diploma/GED,44963,"No, I had no technical difficulties",44963,,44963,,44963
2022-12-20,06:57:56,3,59d9d9cd8fd07a0001842484,Younger,1,6.6.1,1291994,30836,28,30836,Male,30836,Right hand,30836,Yes,30836,Hispanic or Latino,19837,White,19837,14 (two years of college),19837,Diploma/GED,19837,"No, I had no technical difficulties",19837,,19837,,19837
2022-12-20,07:00:20,3,607f7f18d84d010ea2cd8664,Younger,1,6.6.1,8261999,30731,23,30731,Female,30731,Right hand,30731,Yes,30731,Not Hispanic or Latino,21384,Black or African AmericanWhite,21384,12 (high school),21384,Diploma/GED,21384,"No, I had no technical difficulties",21384,,21384,,21384
2022-12-20,07:59:03,3,61254fba095b9df425e816ea,Younger,1,6.5.2,6021997,21436,25,21436,Female,21436,Right hand,21436,Yes,21436,Not Hispanic or Latino,15822,Black or African American,15822,14 (two years of college),15822,Associates,15822,"No, I had no technical difficulties",15822,,15822,,15822
2022-12-20,05:12:18,3,60fcec77c349819a0afe600b,Younger,1,6.5.2,12112001,22633,21,22633,Female,22633,Right hand,22633,Yes,22633,Hispanic or Latino,17639,White,17639,15 (three years of college),17639,Diploma/GED,17639,"No, I had no technical difficulties",17639,,17639,,17639
2022-12-20,08:17:47,3,6080956cb039d0b097c4c595,Younger,1,6.6.1,2252002,20750,20,20750,Female,20750,Right hand,20750,Yes,20750,Not Hispanic or Latino,15528,White,15528,14 (two years of college),15528,Diploma/GED,15528,"No, I had no technical difficulties",15528,,15528,,15528
2022-12-20,07:19:47,3,5f4b01e7e534bc10f5b6388d,Younger,1,6.6.1,1101998,24896,24,24896,Gender Diverse,24896,Right hand,24896,Yes,24896,Not Hispanic or Latino,28271,East AsianWhite,28271,17 (five years of college),28271,Diploma/GED,28271,"No, I had no technical difficulties",28271,,28271,,28271
2022-12-20,08:50:08,3,627a7fc214142c6f228e84fb,Younger,1,6.6.1,6061996,27031,26,27031,Gender Diverse,27031,Left hand,27031,Yes,27031,Not Hispanic or Latino,15765,White,15765,15 (three years of college),15765,Diploma/GED,15765,"No, I had no technical difficulties",15765,,15765,,15765
2023-01-10,11:46:44,3,6346bc352b70c4d6427bb005,Younger,1,6.5.2,9242003,32454,19,32454,Male,32454,Right hand,32454,Yes,32454,Hispanic or Latino,22729,White,22729,13 (one year of college),22729,Diploma/GED,22729,"No, I had no technical difficulties",22729,,22729,,22729
2023-01-10,13:27:01,3,62f32d1cd0736183ffe64dc7,Younger,1,6.5.2,2072002,28816,20,28816,Gender Diverse,28816,Right hand,28816,Yes,28816,Hispanic or Latino,19469,Some other race (please describe)latin,19469,12 (high school),19469,Diploma/GED,19469,"No, I had no technical difficulties",19469,,19469,,19469
2023-02-13,16:07:50,3,63ea7fa27b68a3e293c6e10f,Younger,1,6.5.2,2251997,44971,25,44971,Male,44971,Right hand,44971,Yes,44971,Hispanic or Latino,46439,White,46439,16 (four years of college),46439,Bachelors,46439,"No, I had no technical difficulties",46439,,46439,,46439
2021-11-16,21:36:02,1,614e7196ef4fbb72f9a5223c,Older,1,6.5.1,7071948,47420,73,47420,Male,47420,Right hand,47420,Yes,47420,Not Hispanic or Latino,32183,White,32183,16 (four years of college),32183,Bachelors,32183,"No, I had no technical difficulties",32183,,32183,,32183
2021-12-07,10:01:12,1,57509d9b363e77000695620b,Older,1,6.5.1,6211953,41736,68,41736,Female,41736,Right hand,41736,Yes,41736,Not Hispanic or Latino,19741,White,19741,15 (three years of college),19741,Diploma/GED,19741,"No, I had no technical difficulties",19741,,19741,,19741
2021-12-07,09:10:09,1,5c101f812a1a620001f04007,Older,1,6.5.0,10121954,27823,67,27823,Female,27823,Right hand,27823,Yes,27823,Not Hispanic or Latino,20007,White,20007,14 (two years of college),20007,Diploma/GED,20007,"No, I had no technical difficulties",20007,,20007,,20007
2021-12-07,10:58:12,1,5de7f88b762dc2775b2265b8,Older,1,6.5.1,6231954,31183,67,31183,Male,31183,Right hand,31183,Yes,31183,Not Hispanic or Latino,18002,White,18002,16 (four years of college),18002,Bachelors,18002,"No, I had no technical difficulties",18002,,18002,,18002
2021-12-07,11:14:08,1,5ddbd6e518beb6b1e1de0326,Older,1,6.5.1,11131947,29442,74,29442,Male,29442,Right hand,29442,Yes,29442,Not Hispanic or Latino,29937,White,29937,18 (six years of college),29937,Bachelors,29937,"No, I had no technical difficulties",29937,,29937,,29937
2021-12-07,10:33:35,1,608e2cb9067eb028500433d5,Older,1,6.5.1,7081955,33697,66,33697,Female,33697,Right hand,33697,Yes,33697,Not Hispanic or Latino,24036,White,24036,16 (four years of college),24036,Bachelors,24036,"No, I had no technical difficulties",24036,,24036,,24036
2021-12-07,13:36:31,1,5e89fdffad009e010e958ee7,Older,1,6.5.1,2171953,44686,68,44686,Male,44686,Right hand,44686,Yes,44686,Not Hispanic or Latino,26128,White,26128,16 (four years of college),26128,Bachelors,26128,"No, I had no technical difficulties",26128,,26128,,26128
2021-12-07,10:49:24,1,614f0f7ec7b4661dda0fdaa9,Older,1,6.5.1,6151954,21589,67,21589,Male,21589,Right hand,21589,Yes,21589,Not Hispanic or Latino,31181,White,31181,17 (five years of college),31181,Bachelors,31181,"No, I had no technical difficulties",31181,,31181,,31181
2021-12-07,10:46:38,1,614fbfb03ec0f0674dc5a448,Older,1,6.5.1,6191949,29498,72,29498,Female,29498,Right hand,29498,Yes,29498,Not Hispanic or Latino,58339,White,58339,19 (seven years of college),58339,Masters,58339,,58339,"Yes, I had technical difficulties",58339,Couldn't see the app to open,58339
2021-12-07,13:06:21,1,6152152ee63e3fcd81cc961f,Older,1,6.5.1,5121955,41755,66,41755,Male,41755,Left hand,41755,Yes,41755,Not Hispanic or Latino,35209,White,35209,17 (five years of college),35209,Bachelors,35209,"No, I had no technical difficulties",35209,,35209,,35209
2021-12-07,14:47:25,1,5bc913d99427200001dd47f5,Older,1,6.5.0,9121949,26881,72,26881,Female,26881,Right hand,26881,Yes,26881,Not Hispanic or Latino,27546,White,27546,17 (five years of college),27546,Masters,27546,"No, I had no technical difficulties",27546,,27546,,27546
2021-12-07,13:55:46,1,614f75c032f05a135099017b,Older,1,6.5.1,12151951,49257,69,49257,Male,49257,Right hand,49257,Yes,49257,Not Hispanic or Latino,53673,American Indian/Alaska Native,53673,14 (two years of college),53673,Associates,53673,"No, I had no technical difficulties",53673,,53673,,53673
2022-02-10,10:50:28,1,5fc2f07939c5f20b2e86607f,Older,1,6.5.2,9271946,30580,75,30580,Female,30580,Right hand,30580,Yes,30580,Not Hispanic or Latino,24082,White,24082,12 (high school),24082,Diploma/GED,24082,"No, I had no technical difficulties",24082,,24082,,24082
2022-02-10,09:56:39,1,5e3d679eaa341501c1a5a90b,Older,1,6.5.2,1261957,24128,65,24128,Female,24128,Right hand,24128,Yes,24128,Not Hispanic or Latino,35170,White,35170,16 (four years of college),35170,Bachelors,35170,,35170,"Yes, I had technical difficulties",35170,it didn't give me 8 seconds maybe 2 or 3,35170
2022-02-14,08:11:49,1,5994ce3dc825cf0001d7dd2d,Older,1,6.5.1,5271949,39393,72,39393,Female,39393,Left hand,39393,Yes,39393,Not Hispanic or Latino,26938,White,26938,13 (one year of college),26938,Diploma/GED,26938,"No, I had no technical difficulties",26938,,26938,,26938
2022-06-02,11:13:12,1,628f572a2d1304a34b9e1a37,Older,1,6.5.2,8311948,35751,73,35751,Male,35751,Right hand,35751,Yes,35751,Not Hispanic or Latino,24578,White,24578,19 (seven years of college),24578,Masters,24578,"No, I had no technical difficulties",24578,,24578,,24578
2022-06-02,13:04:14,1,628bb31571a8935ee2dbd6f9,Older,1,6.5.2,5031956,46813,66,46813,Male,46813,Right hand,46813,Yes,46813,Not Hispanic or Latino,19871,White,19871,12 (high school),19871,Diploma/GED,19871,"No, I had no technical difficulties",19871,,19871,,19871
2023-01-24,13:40:29,1,5e7694014add7908e8cedec2,Older,1,6.6.1,8161957,60862,65,60862,Female,60862,Right hand,60862,Yes,60862,Not Hispanic or Latino,41732,White,41732,18 (six years of college),41732,Masters,41732,,41732,"Yes, I had technical difficulties",41732,"Could not include the ""/"" in birth date field",41732
2023-01-24,13:46:46,1,63378180a7bc5bc3427e8db0,Older,1,6.6.1,8031953,42750,69,42750,Male,42750,Right hand,42750,Yes,42750,Not Hispanic or Latino,20637,White,20637,17 (five years of college),20637,Bachelors,20637,"No, I had no technical difficulties",20637,,20637,,20637
2023-01-24,11:32:44,1,6387db71396bd54b2e9fcd09,Older,1,6.6.1,2271951,27127,71,27127,Female,27127,Right hand,27127,Yes,27127,Not Hispanic or Latino,26286,White,26286,18 (six years of college),26286,Masters,26286,"No, I had no technical difficulties",26286,,26286,,26286
2023-01-24,14:58:02,1,6007a7996fbeef04ce080f90,Older,1,6.6.1,6291957,41568,65,41568,Female,41568,Right hand,41568,Yes,41568,Not Hispanic or Latino,27199,White,27199,16 (four years of college),27199,Bachelors,27199,"No, I had no technical difficulties",27199,,27199,,27199
2023-01-24,15:08:29,1,561d98e03d7fe8000b0f5e09,Older,1,6.6.0,11151957,50608,65,50608,Female,50608,Right hand,50608,Yes,50608,Not Hispanic or Latino,24004,White,24004,18 (six years of college),24004,Masters,24004,"No, I had no technical difficulties",24004,,24004,,24004
2023-01-24,15:17:31,1,63b48736ce3bb3afbc79ff7c,Older,1,6.6.1,1950,44333,72,44333,Female,44333,Left hand,44333,Yes,44333,Not Hispanic or Latino,80084,White,80084,18 (six years of college),80084,Masters,80084,"No, I had no technical difficulties",80084,,80084,,80084
2023-01-24,15:47:10,1,62b601e089d3d1134aed066b,Older,1,6.6.1,12301951,26233,71,26233,Female,26233,Right hand,26233,Yes,26233,Not Hispanic or Latino,15394,White,15394,14 (two years of college),15394,Associates,15394,"No, I had no technical difficulties",15394,,15394,,15394
2023-01-24,15:24:02,1,56802e5fc5767f00121cc6a0,Older,1,6.6.1,10311957,39141,65,39141,Male,39141,Right hand,39141,Yes,39141,Not Hispanic or Latino,56728,White,56728,13 (one year of college),56728,Diploma/GED,56728,,56728,"Yes, I had technical difficulties",56728,Date of birth would not allow forward slash in Chrome browser,56728
2023-01-24,15:30:38,1,6384e535ba619451063f5223,Older,1,6.6.1,7261954,30958,68,30958,Female,30958,Right hand,30958,Yes,30958,Not Hispanic or Latino,23614,White,23614,14 (two years of college),23614,Diploma/GED,23614,"No, I had no technical difficulties",23614,,23614,,23614
2023-02-02,11:20:29,1,5eec8774ff59de0009913a65,Older,1,6.6.1,12291957,37863,65,37863,Female,37863,Right hand,37863,Yes,37863,Hispanic or Latino,21520,White,21520,16 (four years of college),21520,Bachelors,21520,"No, I had no technical difficulties",21520,,21520,,21520
2023-02-02,09:28:15,1,6318be45a49442eee3a88cb3,Older,1,6.6.1,2201955,23775,67,23775,Female,23775,Right hand,23775,Yes,23775,Not Hispanic or Latino,21584,White,21584,12 (high school),21584,Diploma/GED,21584,"No, I had no technical difficulties",21584,,21584,,21584
2023-02-02,14:08:52,1,5fe2982ce9df3d693d46191e,Older,1,6.5.2,1131958,43634,65,43634,Male,43634,Right hand,43634,Yes,43634,Not Hispanic or Latino,17504,White,17504,16 (four years of college),17504,Bachelors,17504,"No, I had no technical difficulties",17504,,17504,,17504
2023-02-02,22:16:48,1,63ac69ac461e034cde56751a,Older,2,6.5.2,24041957,37825,65,37825,Male,37825,Right hand,37825,Yes,37825,Not Hispanic or Latino,29919,White,29919,19 (seven years of college),29919,Masters,29919,"No, I had no technical difficulties",29919,,29919,,29919
2023-02-09,17:01:35,1,5d1511f1e814b800016108a6,Older,1,6.6.1,3151956,32035,66,32035,Male,32035,Left hand,32035,Yes,32035,Not Hispanic or Latino,18274,White,18274,18 (six years of college),18274,Masters,18274,"No, I had no technical difficulties",18274,,18274,,18274
2023-02-09,16:06:33,1,5a9b1eb7873cda0001dcb3c4,Older,1,6.5.2,3051950,45690,72,45690,Female,45690,Right hand,45690,Yes,45690,Not Hispanic or Latino,17913,White,17913,12 (high school),17913,Diploma/GED,17913,"No, I had no technical difficulties",17913,,17913,,17913
2023-02-11,23:57:37,1,63d4a887e1ab7f8c5a4cc336,Older,4,6.5.2,7021948,37664,74,37664,Female,37664,Right hand,37664,No,37664,Not Hispanic or Latino,44966,White,44966,19 (seven years of college),44966,Doctorate/PhD,44966,"No, I had no technical difficulties",44966,,44966,,44966
2023-02-27,19:12:48,1,63cd7b78fff71624a85b294f,Older,1,6.5.2,1151954,127028,69,127028,Male,127028,Right hand,127028,Yes,127028,Not Hispanic or Latino,87401,White,87401,17 (five years of college),87401,Associates,87401,"No, I had no technical difficulties",87401,,87401,,87401
2021-11-18,10:58:37,2,61524ae31dadfa5d571663ba,Older,1,6.5.1,5071954,34320,67,34320,Female,34320,Right hand,34320,Yes,34320,Not Hispanic or Latino,33446,White,33446,13 (one year of college),33446,Diploma/GED,33446,"No, I had no technical difficulties",33446,,33446,,33446
2021-11-18,08:46:03,2,6151e70a336a52b8af712d41,Older,1,6.5.1,7051955,28310,66,28310,Male,28310,Right hand,28310,Yes,28310,Not Hispanic or Latino,24862,White,24862,18 (six years of college),24862,Masters,24862,"No, I had no technical difficulties",24862,,24862,,24862
2021-12-13,13:46:03,2,61501967e49a3d7e1977e4b4,Older,1,6.5.1,1151948,42859,73,42859,Female,42859,Left hand,42859,Yes,42859,Not Hispanic or Latino,36343,White,36343,19 (seven years of college),36343,Bachelors,36343,"No, I had no technical difficulties",36343,,36343,,36343
2021-12-13,18:19:14,2,614f2d5a2e23379febd50141,Older,1,6.5.1,9281954,26791,67,26791,Male,26791,Right hand,26791,Yes,26791,Not Hispanic or Latino,24754,White,24754,12 (high school),24754,Diploma/GED,24754,"No, I had no technical difficulties",24754,,24754,,24754
2021-12-13,17:06:02,2,597e78d513dc5e0001e2f818,Older,1,6.5.1,3231955,30137,66,30137,Male,30137,Right hand,30137,Yes,30137,Not Hispanic or Latino,19740,White,19740,17 (five years of college),19740,Masters,19740,"No, I had no technical difficulties",19740,,19740,,19740
2021-12-15,17:08:43,2,60f728553a37102574b585c4,Older,1,6.5.1,10251954,34550,67,34550,Female,34550,Right hand,34550,Yes,34550,Not Hispanic or Latino,45289,White,45289,19 (seven years of college),45289,Masters,45289,"No, I had no technical difficulties",45289,,45289,,45289
2021-12-16,16:48:19,2,5f8f46ff0b55a11953d90aa5,Older,1,6.5.1,1031955,20324,66,20324,Male,20324,Right hand,20324,Yes,20324,Not Hispanic or Latino,19935,White,19935,19 (seven years of college),19935,Masters,19935,"No, I had no technical difficulties",19935,,19935,,19935
2021-12-16,18:59:25,2,6109b45f7cf3658ba670f458,Older,1,6.5.1,5311954,26272,67,26272,Female,26272,Right hand,26272,Yes,26272,Not Hispanic or Latino,23500,White,23500,13 (one year of college),23500,Diploma/GED,23500,"No, I had no technical difficulties",23500,,23500,,23500
2021-12-17,11:17:26,2,5c5f8a910edbd90001e1feda,Older,1,6.5.1,10231953,22285,68,22285,Female,22285,Right hand,22285,Yes,22285,Not Hispanic or Latino,24399,White,24399,18 (six years of college),24399,Masters,24399,"No, I had no technical difficulties",24399,,24399,,24399
2021-12-18,13:22:51,2,61538b7670ffb62cff736908,Older,1,6.5.0,7071949,36684,72,36684,Female,36684,Right hand,36684,Yes,36684,Not Hispanic or Latino,48979,White,48979,16 (four years of college),48979,Bachelors,48979,"No, I had no technical difficulties",48979,,48979,,48979
2021-12-18,10:44:07,2,6163f468f64021af99daf9b5,Older,1,6.5.1,8011953,67596,68,67596,Male,67596,Right hand,67596,Yes,67596,Not Hispanic or Latino,21813,White,21813,18 (six years of college),21813,Masters,21813,"No, I had no technical difficulties",21813,,21813,,21813
2021-12-18,14:02:05,2,60b4277a6c6540693acdd766,Older,1,6.5.1,9281956,32470,65,32470,Female,32470,Right hand,32470,Yes,32470,Not Hispanic or Latino,30616,White,30616,19 (seven years of college),30616,Masters,30616,"No, I had no technical difficulties",30616,,30616,,30616
2021-12-18,15:52:09,2,5dcf1d4723f9f106e9b20e4d,Older,1,6.5.1,4221948,38184,73,38184,Male,38184,Left hand,38184,Yes,38184,Not Hispanic or Latino,38961,White,38961,16 (four years of college),38961,Bachelors,38961,"No, I had no technical difficulties",38961,,38961,,38961
2021-12-18,19:12:50,2,5cc0b9bccedf2000012afc45,Older,1,6.5.1,10151953,25240,68,25240,Female,25240,Right hand,25240,Yes,25240,Not Hispanic or Latino,28440,White,28440,18 (six years of college),28440,Masters,28440,"No, I had no technical difficulties",28440,,28440,,28440
2023-01-17,16:56:22,2,56f2a5e0ed0cf6000691320b,Older,1,6.6.1,1131949,46344,74,46344,Female,46344,Right hand,46344,Yes,46344,Not Hispanic or Latino,32669,White,32669,18 (six years of college),32669,Masters,32669,"No, I had no technical difficulties",32669,,32669,,32669
2023-01-17,17:12:21,2,5f0395a63963d05bc235abdb,Older,1,6.6.1,8051957,53362,65,53362,Female,53362,Right hand,53362,Yes,53362,Not Hispanic or Latino,38445,White,38445,16 (four years of college),38445,Bachelors,38445,"No, I had no technical difficulties",38445,,38445,,38445
2023-01-17,17:08:43,2,63c437337eef664e06fdf1f7,Older,1,6.6.1,6011954,32476,68,32476,Female,32476,Left hand,32476,Yes,32476,Not Hispanic or Latino,22893,White,22893,15 (three years of college),22893,Associates,22893,"No, I had no technical difficulties",22893,,22893,,22893
2023-01-17,14:19:58,2,55900dcffdf99b3f7aada3f5,Older,1,6.6.1,10101950,42018,72,42018,Male,42018,Right hand,42018,Yes,42018,Not Hispanic or Latino,29726,White,29726,18 (six years of college),29726,Bachelors,29726,"No, I had no technical difficulties",29726,,29726,,29726
2023-01-17,17:21:41,2,638371bc3a1d7da12422ea22,Older,1,6.5.2,11211956,26462,66,26462,Female,26462,Right hand,26462,Yes,26462,Not Hispanic or Latino,21293,White,21293,18 (six years of college),21293,Masters,21293,"No, I had no technical difficulties",21293,,21293,,21293
2023-01-17,17:21:22,2,58e558cc728bea0001bbda24,Older,1,6.6.0,7101957,36742,65,36742,Female,36742,Right hand,36742,Yes,36742,Not Hispanic or Latino,14478,White,14478,12 (high school),14478,Diploma/GED,14478,"No, I had no technical difficulties",14478,,14478,,14478
2023-01-17,17:29:04,2,637d69bd2bc2aeda148b4d83,Older,1,6.6.1,1955,25448,67,25448,Female,25448,Right hand,25448,Yes,25448,Not Hispanic or Latino,30864,Black or African American,30864,16 (four years of college),30864,Bachelors,30864,"No, I had no technical difficulties",30864,,30864,,30864
2023-01-17,17:33:29,2,62d0880f5ba6d972d1bfc63c,Older,1,6.5.2,7081952,33143,70,33143,Female,33143,Right hand,33143,Yes,33143,Not Hispanic or Latino,24152,White,24152,14 (two years of college),24152,Diploma/GED,24152,"No, I had no technical difficulties",24152,,24152,,24152
2023-01-17,16:33:12,2,638c01625c212d643526dfae,Older,1,6.5.2,6261956,38475,66,38475,Male,38475,Right hand,38475,Yes,38475,Not Hispanic or Latino,30742,White,30742,12 (high school),30742,Diploma/GED,30742,"No, I had no technical difficulties",30742,,30742,,30742
2023-01-17,17:51:36,2,614f6bad672ef7cf5ecfd965,Older,1,6.5.2,10041957,52727,65,52727,Male,52727,Right hand,52727,Yes,52727,Not Hispanic or Latino,18472,White,18472,15 (three years of college),18472,Associates,18472,"No, I had no technical difficulties",18472,,18472,,18472
2023-01-17,17:49:26,2,62cd9b920ed1b7c1648818d3,Older,1,6.6.1,6201947,33511,75,33511,Female,33511,Right hand,33511,Yes,33511,Not Hispanic or Latino,34599,White,34599,16 (four years of college),34599,Doctorate/PhD,34599,"No, I had no technical difficulties",34599,,34599,,34599
2023-01-17,18:00:21,2,5fc50bb38378c80ac88354ef,Older,1,6.6.1,11031957,37599,65,37599,Female,37599,Right hand,37599,Yes,37599,Not Hispanic or Latino,22668,Black or African American,22668,16 (four years of college),22668,Bachelors,22668,"No, I had no technical difficulties",22668,,22668,,22668
2023-01-17,17:51:31,2,62885de1cdfe242015ccacef,Older,1,6.6.1,2211951,36602,71,36602,Male,36602,Right hand,36602,No,36602,Not Hispanic or Latino,25586,White,25586,17 (five years of college),25586,Bachelors,25586,"No, I had no technical difficulties",25586,,25586,,25586
2023-01-17,16:10:04,2,63bcbf7e0ac7e876387ef720,Older,1,6.5.2,5251953,46505,69,46505,Male,46505,Left hand,46505,Yes,46505,Not Hispanic or Latino,22318,White,22318,13 (one year of college),22318,Diploma/GED,22318,"No, I had no technical difficulties",22318,,22318,,22318
2023-01-17,18:02:04,2,638fdf87700dd1228bade2e1,Older,1,6.6.1,11031953,178652,69,178652,Male,178652,Right hand,178652,Yes,178652,Not Hispanic or Latino,365429,White,365429,18 (six years of college),365429,Masters,365429,"No, I had no technical difficulties",365429,,365429,,365429
2023-01-17,16:25:48,2,60f838095603e27ca51820a7,Older,1,6.6.1,4091957,34488,65,34488,Male,34488,Left hand,34488,Yes,34488,Not Hispanic or Latino,31136,White,31136,16 (four years of college),31136,Bachelors,31136,"No, I had no technical difficulties",31136,,31136,,31136
2023-01-18,02:12:42,2,62ddbd7eb3e9431e49b46ec1,Older,1,6.5.2,3151950,68923,72,68923,Male,68923,Right hand,68923,Yes,68923,Not Hispanic or Latino,48204,White,48204,19 (seven years of college),48204,Doctorate/PhD,48204,"No, I had no technical difficulties",48204,,48204,,48204
2023-01-18,02:19:55,2,63bd8a509a0a21cf99c5b1f4,Older,1,6.6.1,10191955,67362,68,67362,Male,67362,Right hand,67362,Yes,67362,Not Hispanic or Latino,40096,White,40096,17 (five years of college),40096,Bachelors,40096,"No, I had no technical difficulties",40096,,40096,,40096
2023-02-20,10:20:34,2,5db9a46ff8e3f9000f88cb85,Older,1,6.6.1,9211957,34240,65,34240,Male,34240,Right hand,34240,Yes,34240,Not Hispanic or Latino,26736,White,26736,14 (two years of college),26736,Associates,26736,"No, I had no technical difficulties",26736,,26736,,26736
2023-02-23,13:06:03,2,5a9ab4944eecca0001dd806a,Older,1,6.6.1,8311955,24608,67,24608,Female,24608,Right hand,24608,Yes,24608,Not Hispanic or Latino,31007,White,31007,19 (seven years of college),31007,Masters,31007,"No, I had no technical difficulties",31007,,31007,,31007
2021-11-19,09:19:13,3,614fa6b5e77bfdc7af68ddf1,Older,1,6.5.1,10021950,84854,71,84854,Male,84854,Right hand,84854,Yes,84854,Not Hispanic or Latino,57629,White,57629,15 (three years of college),57629,Associates,57629,"No, I had no technical difficulties",57629,,57629,,57629
2021-11-19,13:20:17,3,5fb3cb99e76cea00085d02c6,Older,1,6.5.1,9151952,23526,69,23526,Female,23526,Right hand,23526,Yes,23526,Not Hispanic or Latino,38979,White,38979,16 (four years of college),38979,Bachelors,38979,"No, I had no technical difficulties",38979,,38979,,38979
2022-01-17,11:39:13,3,5bdc8d12b2fff7000189b6f8,Older,1,6.5.2,10081951,24813,70,24813,Female,24813,Right hand,24813,Yes,24813,Not Hispanic or Latino,33879,White,33879,13 (one year of college),33879,Diploma/GED,33879,"No, I had no technical difficulties",33879,,33879,,33879
2022-01-17,12:22:13,3,5e3f4c676d06fc1b240e6021,Older,1,6.5.2,1121957,413299,62,413299,Male,413299,Right hand,413299,Yes,413299,Not Hispanic or Latino,72479,White,72479,16 (four years of college),72479,Bachelors,72479,"No, I had no technical difficulties",72479,,72479,,72479
2022-01-17,12:38:37,3,61255c5cd3dc2cfd8fbc101d,Older,1,6.5.2,9141950,41056,71,41056,Male,41056,Left hand,41056,Yes,41056,Not Hispanic or Latino,36611,White,36611,19 (seven years of college),36611,Masters,36611,"No, I had no technical difficulties",36611,,36611,,36611
2022-01-17,13:21:07,3,5f048fdc0aea5b0ae3215fc9,Older,1,6.5.0,1061957,46517,65,46517,Female,46517,Right hand,46517,Yes,46517,Not Hispanic or Latino,25271,White,25271,12 (high school),25271,Diploma/GED,25271,"No, I had no technical difficulties",25271,,25271,,25271
2022-01-17,17:48:02,3,614f39b87bfc969b5d13de30,Older,1,6.5.2,6111954,35824,67,35824,Female,35824,Right hand,35824,Yes,35824,Not Hispanic or Latino,28134,White,28134,16 (four years of college),28134,Bachelors,28134,"No, I had no technical difficulties",28134,,28134,,28134
2022-01-18,08:27:49,3,58578946c41fd90001434680,Older,1,6.5.2,4131955,30244,66,30244,Male,30244,Left hand,30244,Yes,30244,Not Hispanic or Latino,24788,White,24788,14 (two years of college),24788,Associates,24788,"No, I had no technical difficulties",24788,,24788,,24788
2022-01-18,09:34:12,3,5bcbdf5b0f10750001d7a494,Older,1,6.5.2,10171952,29076,69,29076,Female,29076,Right hand,29076,Yes,29076,Not Hispanic or Latino,25307,White,25307,16 (four years of college),25307,Bachelors,25307,"No, I had no technical difficulties",25307,,25307,,25307
2022-01-18,13:57:02,3,5dbd1569f8223b28d73ed6ae,Older,1,6.5.2,11231954,31539,67,31539,Female,31539,Right hand,31539,Yes,31539,Not Hispanic or Latino,41414,White,41414,14 (two years of college),41414,Diploma/GED,41414,"No, I had no technical difficulties",41414,,41414,,41414
2022-01-18,15:00:00,3,5680eeb5c5767f00121ccc0f,Older,1,6.5.2,10031956,52055,65,52055,Female,52055,Right hand,52055,Yes,52055,Not Hispanic or Latino,31889,White,31889,16 (four years of college),31889,Bachelors,31889,"No, I had no technical difficulties",31889,,31889,,31889
2022-01-19,13:40:42,3,5c70c956f11dda0001ff50ab,Older,1,6.5.2,1011951,63573,70,63573,Male,63573,Left hand,63573,Yes,63573,Not Hispanic or Latino,82361,Black or African American,82361,19 (seven years of college),82361,Doctorate/PhD,82361,,82361,"Yes, I had technical difficulties",82361,need more time to think,82361
2022-05-11,14:21:07,3,60e4c09a4b30f16f5a1053e7,Older,1,6.5.0,4071957,31712,65,31712,Female,31712,Right hand,31712,Yes,31712,Not Hispanic or Latino,20262,White,20262,16 (four years of college),20262,Bachelors,20262,"No, I had no technical difficulties",20262,,20262,,20262
2022-05-11,16:39:14,3,614f297777d0d8f5e2a5b354,Older,1,6.5.2,3161957,28734,65,28734,Male,28734,Right hand,28734,Yes,28734,Not Hispanic or Latino,24179,White,24179,13 (one year of college),24179,Diploma/GED,24179,"No, I had no technical difficulties",24179,,24179,,24179
2022-05-11,23:10:41,3,5d8aa95dd06260000179442b,Older,2,6.5.2,2191950,29984,72,29984,Female,29984,Right hand,29984,Yes,29984,Not Hispanic or Latino,34885,White,34885,16 (four years of college),34885,Bachelors,34885,"No, I had no technical difficulties",34885,,34885,,34885
2022-05-12,11:53:51,3,5ded9996838b4f45b83bb3f9,Older,1,6.5.2,11141952,35717,69,35717,Female,35717,Right hand,35717,Yes,35717,Not Hispanic or Latino,31896,White,31896,13 (one year of college),31896,Diploma/GED,31896,"No, I had no technical difficulties",31896,,31896,,31896
2022-05-12,15:22:20,3,5f4818e6d5ce1016c865ed24,Older,1,6.5.1,5061957,37265,65,37265,Female,37265,Left hand,37265,Yes,37265,Not Hispanic or Latino,28744,White,28744,14 (two years of college),28744,Diploma/GED,28744,"No, I had no technical difficulties",28744,,28744,,28744
2022-05-13,07:56:57,3,6229fff149374541c22a95bf,Older,1,6.5.2,8061954,24255,67,24255,Male,24255,Right hand,24255,Yes,24255,Not Hispanic or Latino,43334,White,43334,16 (four years of college),43334,Bachelors,43334,"No, I had no technical difficulties",43334,,43334,,43334
2022-05-17,12:15:29,3,60f851b688e9f8333dcb548f,Older,1,6.5.2,4191957,23831,65,23831,Male,23831,Left hand,23831,Yes,23831,Not Hispanic or Latino,18147,White,18147,19 (seven years of college),18147,Masters,18147,"No, I had no technical difficulties",18147,,18147,,18147
2023-01-10,13:06:02,3,638e4ace1c4a380ecc49932f,Older,1,6.5.2,1221951,30242,71,30242,Male,30242,Right hand,30242,Yes,30242,Not Hispanic or Latino,53387,White,53387,15 (three years of college),53387,Associates,53387,"No, I had no technical difficulties",53387,,53387,,53387
2023-01-10,13:45:06,3,63b9ff9f64549294f0abe3c1,Older,1,6.5.2,7311953,36128,69,36128,Female,36128,Right hand,36128,Yes,36128,Not Hispanic or Latino,36997,White,36997,12 (high school),36997,Diploma/GED,36997,"No, I had no technical difficulties",36997,,36997,,36997
2023-01-10,11:07:26,3,638476f72ab8021be345e3ac,Older,1,6.6.1,1061955,64800,68,64800,Female,64800,Right hand,64800,Yes,64800,Not Hispanic or Latino,29293,White,29293,14 (two years of college),29293,Associates,29293,"No, I had no technical difficulties",29293,,29293,,29293
2023-01-10,11:11:15,3,63972b68541bab989795da48,Older,1,6.6.1,4101957,41780,65,41780,Female,41780,Right hand,41780,Yes,41780,Not Hispanic or Latino,25777,White,25777,14 (two years of college),25777,Associates,25777,"No, I had no technical difficulties",25777,,25777,,25777
2023-01-10,14:04:49,3,636ac3f10d9f3b6a0eb54eeb,Older,1,6.6.1,13011955,80851,67,80851,Male,80851,Right hand,80851,Yes,80851,Not Hispanic or Latino,128579,White,128579,12 (high school),128579,Bachelors,128579,"No, I had no technical difficulties",128579,,128579,,128579
2023-01-10,13:20:33,3,63782709326973c77adc3db8,Older,1,6.6.1,9301957,42335,65,42335,Female,42335,Right hand,42335,Yes,42335,Not Hispanic or Latino,32663,White,32663,18 (six years of college),32663,Bachelors,32663,"No, I had no technical difficulties",32663,,32663,,32663
2023-01-10,13:22:45,3,638553da17c73e0a8a036717,Older,1,6.5.2,6301953,42117,69,42117,Female,42117,Left hand,42117,Yes,42117,Not Hispanic or Latino,34862,White,34862,13 (one year of college),34862,Diploma/GED,34862,"No, I had no technical difficulties",34862,,34862,,34862
2023-01-10,13:29:33,3,608ca27f0fc273d395eb58bd,Older,1,6.6.1,11171957,78789,65,78789,Male,78789,Right hand,78789,Yes,78789,Not Hispanic or Latino,21948,White,21948,16 (four years of college),21948,Bachelors,21948,"No, I had no technical difficulties",21948,,21948,,21948
2023-01-10,14:33:09,3,639dc966f953a42bc397c24b,Older,1,6.6.1,8051948,72003,74,72003,Male,72003,Right hand,72003,Yes,72003,Not Hispanic or Latino,52832,White,52832,16 (four years of college),52832,Bachelors,52832,"No, I had no technical difficulties",52832,,52832,,52832
2023-01-10,14:40:15,3,637e447c16e05f6828930612,Older,1,6.5.2,7201955,51342,67,51342,Male,51342,Right hand,51342,Yes,51342,Not Hispanic or Latino,54908,White,54908,19 (seven years of college),54908,Doctorate/PhD,54908,"No, I had no technical difficulties",54908,,54908,,54908
2023-01-10,14:06:29,3,638e84c70418d8a2c0aa372e,Older,2,6.6.1,10221956,22528,66,22528,Female,22528,Right hand,22528,Yes,22528,Not Hispanic or Latino,27590,White,27590,19 (seven years of college),27590,Doctorate/PhD,27590,"No, I had no technical difficulties",27590,,27590,,27590
2023-01-11,11:06:35,3,6396831c7d4c5f44c1b16bf6,Older,1,6.6.1,6101955,36364,67,36364,Female,36364,Right hand,36364,Yes,36364,Not Hispanic or Latino,36249,White,36249,18 (six years of college),36249,Masters,36249,"No, I had no technical difficulties",36249,,36249,,36249
2023-01-31,14:24:03,3,63bcf141136313265f65eec9,Older,1,6.6.1,1213950,121474,72,121474,Female,121474,Right hand,121474,Yes,121474,Not Hispanic or Latino,22991,White,22991,14 (two years of college),22991,Associates,22991,"No, I had no technical difficulties",22991,,22991,,22991
2023-01-31,14:40:25,3,63b097fc106bd159ce5813e5,Older,1,6.5.2,7241950,56247,72,56247,Male,56247,Left hand,56247,Yes,56247,Not Hispanic or Latino,45317,Black or African AmericanWhite,45317,19 (seven years of college),45317,Doctorate/PhD,45317,"No, I had no technical difficulties",45317,,45317,,45317
2023-02-01,19:03:35,3,628bb39061393e64b1907bbb,Older,1,6.5.2,5311957,49998,65,49998,Male,49998,Right hand,49998,Yes,49998,Not Hispanic or Latino,27674,White,27674,18 (six years of college),27674,Masters,27674,"No, I had no technical difficulties",27674,,27674,,27674
