subject,status,started_datetime,completed_date_time,time_taken,age,age_group,num_approvals,num_rejections,prolific_score,reviewed_at_datetime,entered_code,Country of Birth,Current Country of Residence,Employment Status,First Language,Nationality,Sex,Student Status
546e3778fdf99b2bc7ebcff6,APPROVED,16/08/2021 11:29,16/08/2021 11:39,613.761,74,Older,2047,7,100,18/08/2021 20:03,68A1D0D8,United States,United States,Other,English,United States,Female,No
5484655ffdf99b07b28f22cc,APPROVED,16/08/2021 10:22,16/08/2021 11:04,2524.717,73,Older,746,2,100,18/08/2021 20:27,68A1D0D8,United States,United States,Full-Time,English,United States,Male,No
55a28851fdf99b602e6b05dd,APPROVED,9/8/2021 22:25,9/8/2021 22:57,1914.545,69,Older,1550,1,100,13/08/2021 20:19,68A1D0D8,United States,United States,"Not in paid work (e.g. homemaker', 'retired or disabled)",English,United States,Female,No
55afd54efdf99b4099d5735f,APPROVED,17/08/2021 22:06,17/08/2021 22:35,1731.199,70,Older,481,0,100,22/08/2021 23:34,C89946EC,United States,United States,"Not in paid work (e.g. homemaker', 'retired or disabled)",English,United States,Female,DATA EXPIRED
569298838d93fe000dfa033c,APPROVED,18/08/2021 14:45,18/08/2021 14:46,75.757,70,Older,2647,3,100,22/08/2021 23:40,C89946EC,United States,United States,Part-Time,English,United States,Female,No
574ce0a57fd0ec000db73aa6,APPROVED,16/08/2021 06:05,16/08/2021 06:32,1606.905,70,Older,1777,1,100,18/08/2021 20:00,68A1D0D8,United States,United States,"Not in paid work (e.g. homemaker', 'retired or disabled)",English,United States,Female,No
57bf14513c449a000189c89a,APPROVED,9/8/2021 22:34,9/8/2021 23:11,2218.71,68,Older,1369,0,100,13/08/2021 20:20,74637B33,United States,United States,"Not in paid work (e.g. homemaker', 'retired or disabled)",English,United States,Male,No
57d435c8ca054400014bac35,APPROVED,16/08/2021 02:39,16/08/2021 03:25,2777.617,75,Older,1276,13,98,18/08/2021 19:59,68A1D0D8,United States,United States,DATA EXPIRED,English,United States,Female,DATA EXPIRED
5806ceacf0740c00017892c8,APPROVED,16/08/2021 02:32,16/08/2021 03:05,1979.654,69,Older,1231,4,100,18/08/2021 19:59,68A1D0D8,United States,United States,Unemployed (and job seeking),English,United States,Female,No
583ec287ad2f4300014b355a,APPROVED,17/08/2021 12:04,17/08/2021 12:40,2203.305,65,Older,919,2,100,19/08/2021 14:27,74637B33,United States,United States,Full-Time,English,United States,Male,No
58cefdb030c4cf0001ceb3ac,APPROVED,26/08/2021 15:08,26/08/2021 15:37,1757.346,66,Older,2149,4,100,30/08/2021 12:21,74637B33,United States,United States,"Not in paid work (e.g. homemaker', 'retired or disabled)",English,United States,Female,No
59d75f1b8fd07a0001841feb,APPROVED,16/08/2021 09:56,16/08/2021 10:26,1766.714,67,Older,1761,1,100,18/08/2021 20:27,68A1D0D8,United States,United States,Part-Time,English,United States,Male,No
5b233660648d5b0001b7de87,APPROVED,18/08/2021 12:39,18/08/2021 13:20,2462.341,68,Older,1481,17,97,22/08/2021 13:18,NOCODE,United States,United States,DATA EXPIRED,English,United States,Male,DATA EXPIRED
5b33a01fa8327d0001003821,APPROVED,16/08/2021 12:26,16/08/2021 13:05,2312.255,68,Older,1177,2,100,18/08/2021 20:04,68A1D0D8,United States,United States,DATA EXPIRED,English,United States,Female,DATA EXPIRED
5b6f49b7d60bdd0001ade437,APPROVED,17/08/2021 11:50,17/08/2021 12:28,2311.529,66,Older,2104,4,100,22/08/2021 13:41,74637B33,United States,United States,Full-Time,English,United States,Male,No
5b846b48338a930001566887,APPROVED,17/08/2021 02:51,17/08/2021 03:27,2127.082,69,Older,1691,5,100,19/08/2021 14:19,74637B33,United States,United States,"Not in paid work (e.g. homemaker', 'retired or disabled)",English,United States,Male,No
5bc5552a23ecbb00012d6cb5,APPROVED,17/08/2021 09:40,17/08/2021 10:14,2051.272,65,Older,2064,7,100,19/08/2021 14:45,74637B33,United States,United States,Full-Time,English,United States,Female,No
5bd45c509afb5b00015c48f4,APPROVED,10/8/2021 0:14,10/8/2021 0:50,2137.622,68,Older,1281,7,99,13/08/2021 20:03,C89946EC,United States,United States,DATA EXPIRED,English,United States,Female,DATA EXPIRED
5be5c05fd153f500019a2ef2,APPROVED,19/08/2021 16:27,19/08/2021 16:57,1793.581,65,Older,1769,1,100,22/08/2021 23:25,C89946EC,United States,United States,Part-Time,English,United States,Female,No
5bf322d817a7de0001cf6d50,APPROVED,16/08/2021 02:21,16/08/2021 02:55,1998.789,70,Older,1500,0,100,18/08/2021 19:58,68A1D0D8,United States,United States,"Not in paid work (e.g. homemaker', 'retired or disabled)",English,United States,Female,No
5bf349126f97050001e6a6e6,APPROVED,18/08/2021 16:27,18/08/2021 17:11,2666.071,67,Older,365,0,100,22/08/2021 23:35,C89946EC,United States,United States,Other,English,United States,Female,No
5c0150326a0c6e00013c6068,APPROVED,16/08/2021 10:44,16/08/2021 11:29,2691.764,70,Older,1379,7,99,18/08/2021 20:28,68A1D0D8,United States,United States,"Not in paid work (e.g. homemaker', 'retired or disabled)",English,United States,Male,DATA EXPIRED
5c1150e31e7d6900018207ef,APPROVED,18/08/2021 17:30,18/08/2021 18:03,1990.219,75,Older,1654,3,100,22/08/2021 23:38,NOCODE,United States,United States,"Not in paid work (e.g. homemaker', 'retired or disabled)",English,United States,Female,No
5c1976c90d57c30001b4162c,APPROVED,17/08/2021 11:26,17/08/2021 12:05,2362.827,70,Older,1327,1,100,19/08/2021 14:46,74637B33,United States,United States,Part-Time,English,United States,Female,No
5c5c8a688089970001788f30,APPROVED,17/08/2021 14:02,17/08/2021 14:32,1792.859,71,Older,1532,12,98,19/08/2021 14:51,74637B33,United States,United States,Other,English,United States,Female,No
5c6c666a4d4f48000122caf8,APPROVED,18/08/2021 10:39,18/08/2021 11:09,1779.881,65,Older,1052,3,100,22/08/2021 23:41,C89946EC,United States,United States,"Not in paid work (e.g. homemaker', 'retired or disabled)",English,United States,Female,No
5c8eb16ed169ac0001c27629,APPROVED,16/08/2021 10:46,16/08/2021 11:19,1989.403,68,Older,1598,2,100,18/08/2021 20:03,68A1D0D8,United States,United States,"Not in paid work (e.g. homemaker', 'retired or disabled)",English,United States,Female,No
5cd1bbc59e657600172becf0,APPROVED,17/08/2021 13:56,17/08/2021 14:00,215.697,68,Older,1042,6,99,19/08/2021 19:25,74637B33,United States,United States,DATA EXPIRED,English,United States,Female,DATA EXPIRED
5d05688a391f8a0001b70319,APPROVED,16/08/2021 21:00,16/08/2021 21:37,2179.465,71,Older,220,0,100,19/08/2021 14:37,74637B33,United States,United States,"Not in paid work (e.g. homemaker', 'retired or disabled)",English,United States,Female,No
5d1a7bb2339da6001a12b11a,APPROVED,19/08/2021 20:23,19/08/2021 21:02,2315.213,67,Older,1368,2,100,22/08/2021 23:23,C89946EC,Germany,United States,Part-Time,English,United States,Female,No
5d615f7632cfbd001b1b6dcb,APPROVED,18/08/2021 17:19,18/08/2021 17:53,2068.013,72,Older,1565,4,100,22/08/2021 13:32,C89946EC,United States,United States,"Not in paid work (e.g. homemaker', 'retired or disabled)",English,United States,Male,No
5d7cde267ec29c001af05507,APPROVED,17/08/2021 14:36,17/08/2021 14:38,105.273,73,Older,924,14,95,19/08/2021 19:27,74637B33,United States,United States,Part-Time,English,United States,Female,No
5dbb4449b4715a13fa2ffbed,APPROVED,15/08/2021 21:46,15/08/2021 22:15,1736.647,69,Older,382,5,97,18/08/2021 19:58,68A1D0D8,United States,United States,DATA EXPIRED,English,United States,Female,DATA EXPIRED
5dc483cf74939e34e55c3619,APPROVED,18/08/2021 20:40,18/08/2021 21:07,1612.964,71,Older,1657,6,100,22/08/2021 13:36,C89946EC,United States,United States,Part-Time,English,United States,Male,No
5dc9f3a0e2633171257d503e,APPROVED,18/08/2021 19:22,18/08/2021 19:32,590.608,68,Older,1071,8,98,22/08/2021 23:27,C89946EC,United States,United States,Full-Time,English,United States,Female,No
5dd0aef6535a7117eb63cae3,APPROVED,20/08/2021 00:54,20/08/2021 01:12,1069.773,70,Older,214,0,100,22/08/2021 13:50,NOCODE,United States,United States,DATA EXPIRED,English,United States,Male,DATA EXPIRED
5dd1919051c6d2208e27fbc1,APPROVED,17/08/2021 03:34,17/08/2021 04:09,2055.218,73,Older,860,5,100,19/08/2021 14:44,74637B33,United States,United States,DATA EXPIRED,English,United States,Female,DATA EXPIRED
5de5496937e1d50ca63e0fa5,APPROVED,17/08/2021 13:31,17/08/2021 13:58,1617.747,70,Older,1008,4,100,19/08/2021 14:50,74637B33,United States,United States,Full-Time,English,United States,Female,No
5de5dba9ff87c15699804260,APPROVED,17/08/2021 11:08,17/08/2021 11:41,1972.963,65,Older,1530,4,100,19/08/2021 14:26,74637B33,United States,United States,Full-Time,English,United States,Male,No
5df2f2ed4c81b2201c6c782e,APPROVED,17/08/2021 03:36,17/08/2021 04:07,1859.335,72,Older,1084,2,100,19/08/2021 19:20,NO CODE,United States,United States,"Not in paid work (e.g. homemaker', 'retired or disabled)",English,United States,Female,No
5df7e47ef87bca5760860c2a,APPROVED,16/08/2021 07:22,16/08/2021 07:54,1888.063,69,Older,885,5,100,18/08/2021 20:02,68A1D0D8,United States,United States,DATA EXPIRED,English,United States,Female,DATA EXPIRED
5dfb693a73d72487b1fe495b,APPROVED,17/08/2021 10:01,17/08/2021 10:41,2354.871,66,Older,1334,7,99,19/08/2021 14:23,74637B33,United States,United States,DATA EXPIRED,English,United States,Male,DATA EXPIRED
5e1797da928b15062260e30e,APPROVED,18/08/2021 15:40,18/08/2021 16:15,2093.738,70,Older,1268,2,100,22/08/2021 13:31,C89946EC,United States,United States,"Not in paid work (e.g. homemaker', 'retired or disabled)",English,United States,Male,No
5e1ded90e47974143a8d81da,APPROVED,18/08/2021 11:25,18/08/2021 12:00,2097.746,67,Older,996,7,99,22/08/2021 23:29,C89946EC,United States,United States,DATA EXPIRED,English,United States,Female,DATA EXPIRED
5e246a245e04db6e93e22666,APPROVED,6/9/2021 3:10,6/9/2021 3:58,2883.371,71,Older,806,5,99,13/09/2021 01:04,C89946EC,United States,United States,Other,English,United States,Female,DATA EXPIRED
5e373f33a42bce6daa55ea65,APPROVED,17/08/2021 13:05,17/08/2021 13:37,1929.643,67,Older,1168,0,100,19/08/2021 14:49,74637B33,United States,United States,"Not in paid work (e.g. homemaker', 'retired or disabled)",English,United States,Female,No
5e69873c938d32244e113c95,APPROVED,9/8/2021 21:11,9/8/2021 21:41,1763.606,65,Older,364,0,100,13/08/2021 20:11,68A1D0D8,United States,United States,DATA EXPIRED,English,United States,Male,DATA EXPIRED
5e753094e8a6f10a9805ed9a,APPROVED,27/08/2021 13:23,27/08/2021 13:59,2139.361,66,Older,668,1,100,30/08/2021 12:21,74637B33,United States,United States,"Not in paid work (e.g. homemaker', 'retired or disabled)",English,United States,Female,No
5e7e9e07d29f755802057a29,APPROVED,15/08/2021 15:27,15/08/2021 15:58,1858.02,24,Younger,120,0,100,18/08/2021 15:19,4EC5868A,United States,United States,DATA EXPIRED,English,United States,Male,DATA EXPIRED
5e8425bc21813c17f166bda6,APPROVED,16/08/2021 15:46,16/08/2021 16:14,1649.537,28,Younger,329,6,97,19/08/2021 15:01,76F16CF7,United States,United States,DATA EXPIRED,English,United States,Male,DATA EXPIRED
5e84f020507cd30b367b2624,APPROVED,17/08/2021 10:57,17/08/2021 11:26,1732.302,66,Older,995,6,99,19/08/2021 14:25,74637B33,United States,United States,DATA EXPIRED,English,United States,Male,No
5e8804c63ac81448c5ab0fa5,APPROVED,18/08/2021 17:37,18/08/2021 18:12,2083.739,72,Older,833,6,98,22/08/2021 13:16,C89946EC,United States,United States,"Not in paid work (e.g. homemaker', 'retired or disabled)",English,United States,Male,No
5ea45eb9abef8a07bcced2bc,APPROVED,18/08/2021 16:09,18/08/2021 16:37,1705.094,73,Older,808,1,100,22/08/2021 23:31,C89946EC,United States,United States,Part-Time,English,United States,Female,DATA EXPIRED
5ea7b13e8ac6491a2050e619,APPROVED,17/08/2021 14:23,17/08/2021 14:52,1765.144,68,Older,1108,3,100,19/08/2021 19:18,74637B33,United States,United States,Other,English,United States,Female,No
5ed9c285b8c16356b385a97f,APPROVED,18/08/2021 23:06,18/08/2021 23:38,1906.637,68,Older,1026,3,100,22/08/2021 23:28,NOCODE,United States,United States,Part-Time,English,United States,Female,No
5ee150a384b8a1164fef6273,APPROVED,30/08/2021 17:07,30/08/2021 17:41,2010.992,23,Younger,470,1,100,5/9/2021 15:49,76F16CF7,United States,United States,DATA EXPIRED,English,United States,Male,DATA EXPIRED
5ee64e85c682de3a880579c6,APPROVED,16/08/2021 10:14,16/08/2021 10:44,1824.307,72,Older,1034,2,100,18/08/2021 20:27,68A1D0D8,United States,United States,DATA EXPIRED,English,United States,Male,DATA EXPIRED
5ef4db1a45dfc00e117b2a54,APPROVED,17/08/2021 12:54,17/08/2021 13:24,1790.283,72,Older,601,4,99,19/08/2021 14:48,74637B33,United States,United States,DATA EXPIRED,English,United States,Female,DATA EXPIRED
5ef764821269f404a08607d7,APPROVED,17/08/2021 12:31,17/08/2021 13:07,2173.054,69,Older,745,4,99,22/08/2021 13:42,74637B33,United States,Canada,"Not in paid work (e.g. homemaker', 'retired or disabled)",English,DATA EXPIRED,Male,No
5eff2d4fce48184842e1190a,APPROVED,17/08/2021 13:54,17/08/2021 15:05,4245.3,69,Older,87,3,95,19/08/2021 19:24,didn't get code,United States,United States,DATA EXPIRED,English,United States,Female,DATA EXPIRED
5f0550bf5819b18476ee8343,APPROVED,18/08/2021 18:01,18/08/2021 18:33,1864.987,69,Older,778,0,100,22/08/2021 23:25,C89946EC,United States,United States,DATA EXPIRED,English,United States,Female,DATA EXPIRED
5f15ba922eed6a21fe83e78a,APPROVED,17/08/2021 10:51,17/08/2021 11:21,1779.868,75,Older,646,5,99,19/08/2021 14:24,74637B33,United States,United States,"Not in paid work (e.g. homemaker', 'retired or disabled)",English,United States,Male,No
5f1b393d97ebc70d80a26748,APPROVED,18/08/2021 17:53,18/08/2021 18:30,2209.631,74,Older,939,1,100,22/08/2021 13:34,C89946EC,United States,United States,"Not in paid work (e.g. homemaker', 'retired or disabled)",English,United States,Male,No
5f29c35127bcc61497b0b1ac,APPROVED,24/08/2021 18:53,24/08/2021 19:28,2072.375,70,Older,1043,13,98,28/08/2021 12:52,68A1D0D8,United States,United States,"Not in paid work (e.g. homemaker', 'retired or disabled)",English,United States,Male,No
5f48025962657227d60eb34c,APPROVED,15/08/2021 19:43,15/08/2021 20:11,1686.237,19,Younger,164,1,100,18/08/2021 15:30,3F1B330D,United States,United States,Part-Time,Vietnamese,United States,Male,Yes
5f4d2b4f0bee2410475399c7,APPROVED,24/08/2021 14:48,24/08/2021 15:22,2052,66,Older,644,2,100,28/08/2021 12:48,68A1D0D8,United States,United States,"Not in paid work (e.g. homemaker', 'retired or disabled)",English,United States,Female,No
5f4da0c092c4bb080b6c0ebb,APPROVED,18/08/2021 21:55,18/08/2021 22:32,2172.74,66,Older,619,0,100,22/08/2021 23:32,C89946EC,United States,United States,Part-Time,English,United States,Female,DATA EXPIRED
5fa941f4897b8d0670476392,APPROVED,25/08/2021 15:15,25/08/2021 15:45,1850.575,65,Older,703,1,100,28/08/2021 12:52,68A1D0D8,United States,United States,"Not in paid work (e.g. homemaker', 'retired or disabled)",English,United States,Male,No
5facc4201f33582f15dcf9bf,APPROVED,16/08/2021 10:28,16/08/2021 11:02,2046.393,72,Older,612,3,100,18/08/2021 20:28,68A1D0D8,United States,United States,"Not in paid work (e.g. homemaker', 'retired or disabled)",English,United States,Male,No
5fd0ed3ee993330172b0b97a,APPROVED,18/08/2021 13:17,18/08/2021 13:46,1694.227,70,Older,643,5,100,22/08/2021 13:20,C89946EC,United States,United States,DATA EXPIRED,English,United States,Male,DATA EXPIRED
5fe64758bf7c8246fee7d3bc,APPROVED,18/08/2021 13:05,18/08/2021 13:35,1793.781,68,Older,483,6,99,22/08/2021 13:13,C89946EC,United States,United States,"Not in paid work (e.g. homemaker', 'retired or disabled)",English,United States,Male,No
5ff3ae0ff4e2339f1bde4f54,APPROVED,17/08/2021 09:57,17/08/2021 10:25,1683.06,65,Older,401,1,100,19/08/2021 15:49,74637B33,United States,United States,DATA EXPIRED,English,United States,Male,DATA EXPIRED
60367f78082e3dedb8238ea3,APPROVED,16/08/2021 10:56,16/08/2021 11:38,2488.753,75,Older,500,4,99,18/08/2021 20:03,68A1D0D8,United States,United States,"Not in paid work (e.g. homemaker', 'retired or disabled)",English,United States,Female,No
6037afdc05a2110546245ac2,APPROVED,30/08/2021 15:28,30/08/2021 16:14,2781.7,75,Older,336,4,99,5/9/2021 17:31,C89946EC,United States,United States,DATA EXPIRED,English,United States,Male,DATA EXPIRED
603e812e5cdeccf2b873c95c,APPROVED,9/8/2021 18:25,9/8/2021 18:54,1731.125,20,Younger,82,0,100,13/08/2021 19:05,4EC5868A,India,United States,DATA EXPIRED,English,United States,Male,Yes
6042794fe3c49714bee3e9cf,APPROVED,18/08/2021 14:15,18/08/2021 14:47,1973.135,69,Older,491,2,100,22/08/2021 23:37,C89946EC,United States,United States,Part-Time,English,United States,Female,No
60493e65aba91587246602a2,APPROVED,24/08/2021 17:34,24/08/2021 18:07,2007.1,67,Older,204,0,100,28/08/2021 12:52,68A1D0D8,United States,United States,DATA EXPIRED,Spanish,United States,Male,No
604bd44cb5668ba12cc9376e,APPROVED,16/08/2021 05:23,16/08/2021 05:57,2031.559,72,Older,436,2,100,18/08/2021 20:00,68A1D0D8,United States,United States,Other,English,United States,Female,DATA EXPIRED
604fdcd6af4aa7257d4ce23c,APPROVED,18/08/2021 15:00,18/08/2021 15:32,1909.698,68,Older,347,4,98,22/08/2021 23:39,C89946EC,United States,United States,Other,English,United States,Female,DATA EXPIRED
6068bf5914131f3a1a80a413,APPROVED,17/08/2021 09:00,17/08/2021 09:03,206.755,66,Older,393,1,100,19/08/2021 14:21,74637B33,United States,United States,"Not in paid work (e.g. homemaker', 'retired or disabled)",English,United States,Male,No
60833ce5197d68cff9df1b83,APPROVED,24/08/2021 20:47,24/08/2021 21:16,1734.931,66,Older,295,1,100,28/08/2021 12:52,68A1D0D8,United States,United States,Part-Time,English,United States,Male,No
608437f0b139060610c9f0c1,APPROVED,16/08/2021 10:38,16/08/2021 11:11,2000.877,74,Older,211,0,100,18/08/2021 20:02,68A1D0D8,United States,United States,Other,English,United States,Female,No
60965962e523358592059dcb,APPROVED,27/08/2021 13:40,27/08/2021 13:43,170.823,71,Older,156,2,99,30/08/2021 12:21,74637B33,United States,United States,Other,English,United States,Female,No
60a3c7ecc3ca164f912804dc,APPROVED,16/08/2021 12:10,16/08/2021 12:40,1846.282,71,Older,211,0,100,18/08/2021 20:03,68A1D0D8,United States,United States,Full-Time,English,United States,Female,No
60a46c63ef4ecf56e2176453,APPROVED,16/08/2021 21:40,16/08/2021 22:09,1741.483,65,Older,99,1,100,22/08/2021 13:51,74637B33,United States,United States,DATA EXPIRED,English,United States,Female,No
60a7c4434b322876925afaa3,APPROVED,16/08/2021 12:18,16/08/2021 12:49,1837.885,72,Older,297,1,100,18/08/2021 20:04,68A1D0D8,United States,United States,Part-Time,English,United States,Female,No
60b25fad5ef68266fae1fb73,APPROVED,16/08/2021 04:52,16/08/2021 05:21,1738.244,68,Older,195,0,100,18/08/2021 19:59,68A1D0D8,United States,United States,"Not in paid work (e.g. homemaker', 'retired or disabled)",English,United States,Female,No
60b2880ed6007a0769e503d5,APPROVED,18/08/2021 15:26,18/08/2021 15:55,1762.886,71,Older,142,1,100,22/08/2021 13:30,C89946EC,United States,United States,"Not in paid work (e.g. homemaker', 'retired or disabled)",English,United States,Male,No
60bc4ab6673a043c66657cd5,APPROVED,18/08/2021 16:35,18/08/2021 16:38,216.041,72,Older,84,0,100,22/08/2021 23:30,C89946EC,United States,United States,Part-Time,English,United States,Female,No
60bc8860d04f4ac80d319a5c,APPROVED,16/08/2021 07:10,16/08/2021 07:42,1943.003,71,Older,296,0,100,18/08/2021 20:26,68A1D0D8,United States,United States,"Not in paid work (e.g. homemaker', 'retired or disabled)",English,United States,Male,No
60bebdec81297725b80fd773,APPROVED,16/08/2021 10:12,16/08/2021 10:41,1733.675,69,Older,326,3,99,18/08/2021 20:02,68A1D0D8,United States,United States,"Not in paid work (e.g. homemaker', 'retired or disabled)",English,United States,Female,No
60c025e900d011d93bca46d5,APPROVED,11/8/2021 16:51,11/8/2021 17:01,592.022,19,Younger,40,0,100,13/08/2021 19:29,AFEB42C4,United States,United States,Part-Time,English,United States,Female,Yes
60c119b30aa5205b493541b6,APPROVED,18/08/2021 11:55,18/08/2021 12:27,1943.592,69,Older,142,1,100,22/08/2021 13:17,C89946EC,United States,United States,Full-Time,English,United States,Male,No
60c2670ee246bb9e550f9088,APPROVED,18/08/2021 21:46,18/08/2021 22:15,1730.549,68,Older,222,1,100,22/08/2021 13:37,C89946EC,United States,United States,"Not in paid work (e.g. homemaker', 'retired or disabled)",English,United States,Male,No
60c76fb5887b0728245b0695,APPROVED,17/08/2021 02:28,17/08/2021 02:59,1881.494,69,Older,276,1,100,19/08/2021 14:43,74637B33,United States,United States,Part-Time,English,United States,Female,No
60ca3dc8b1adc234cbed8132,APPROVED,17/08/2021 14:06,17/08/2021 14:38,1932.423,69,Older,214,0,100,19/08/2021 19:19,74637B33,United States,United States,Full-Time,English,United States,Female,No
60cba33aa66d767b09f8e9e9,APPROVED,17/08/2021 02:17,17/08/2021 03:08,3045.749,71,Older,294,0,100,19/08/2021 15:53,74637B33,United States,United States,Other,English,United States,Male,No
60d7de8c5f5bcb8332d5e1a0,APPROVED,30/08/2021 15:01,30/08/2021 15:32,1886.569,67,Older,160,0,100,5/9/2021 17:31,C89946EC,United States,United States,"Not in paid work (e.g. homemaker', 'retired or disabled)",English,United States,Male,No
60e36e6ecb9f00e7b4dab92e,APPROVED,18/08/2021 20:38,18/08/2021 21:10,1909.069,66,Older,239,1,100,22/08/2021 13:35,C89946EC,United States,United States,"Not in paid work (e.g. homemaker', 'retired or disabled)",English,United States,Male,No
60e5868307d715a4d1445116,APPROVED,17/08/2021 00:40,17/08/2021 00:43,160.641,67,Older,249,1,100,19/08/2021 14:40,74637B33,United States,United States,"Not in paid work (e.g. homemaker', 'retired or disabled)",English,United States,Female,No
60fc741369c95ce0ee91b20e,APPROVED,9/8/2021 17:56,9/8/2021 18:28,1928.791,19,Younger,52,0,100,13/08/2021 19:17,4EC5868A,United States,United States,Unemployed (and job seeking),English,United States,Female,Yes
60fc855e03afaabca212e804,APPROVED,9/8/2021 21:17,9/8/2021 21:45,1678.985,67,Older,194,0,100,13/08/2021 20:12,68A1D0D8,United States,United States,"Not in paid work (e.g. homemaker', 'retired or disabled)",English,United States,Male,No
60fcbcec2fa133230420c157,APPROVED,9/8/2021 13:53,9/8/2021 14:28,2080.863,18,Younger,49,0,100,13/08/2021 19:15,4EC5868A,United States,United States,Unemployed (and job seeking),English,United States,Female,Yes
60fced9c0e9d6cd4d1fb8add,APPROVED,9/8/2021 18:17,9/8/2021 18:44,1665.692,20,Younger,79,1,100,13/08/2021 19:50,76F16CF7,United States,United States,Full-Time,Vietnamese,United States,Female,Yes
60fd0953c56aed645358593d,APPROVED,16/08/2021 18:34,16/08/2021 19:05,1891.75,20,Younger,80,4,95,19/08/2021 14:05,76F16CF7,United States,United States,Other,English,United States,Male,Yes
60fd0fb011bf6207be143e00,APPROVED,9/8/2021 17:53,9/8/2021 18:22,1750.616,20,Younger,73,0,100,13/08/2021 19:50,76F16CF7,United States,United States,"Not in paid work (e.g. homemaker', 'retired or disabled)",English,United States,Male,Yes
60fd25bcb6e6c7bf1743d597,APPROVED,11/8/2021 19:16,11/8/2021 19:29,750.88,26,Younger,39,0,100,13/08/2021 19:30,AFEB42C4,United States,United States,Full-Time,English,United States,Female,No
60fd7c7110919232d4bb5d1e,APPROVED,9/8/2021 18:18,9/8/2021 18:49,1823.604,19,Younger,51,0,100,13/08/2021 19:14,76F16CF7,United States,United States,Part-Time,English,United States,Female,Yes
60fdbd0f06c0c59f1e37183d,APPROVED,9/8/2021 19:26,9/8/2021 20:07,2460.116,70,Older,111,0,100,13/08/2021 20:10,68A1D0D8,Canada,United States,"Not in paid work (e.g. homemaker', 'retired or disabled)",English,United States,Female,No
60fe07f8bf59907b6249b488,APPROVED,15/08/2021 18:08,15/08/2021 18:37,1703.514,26,Younger,71,0,100,18/08/2021 15:22,4EC5868A,United States,United States,Unemployed (and job seeking),English,United States,Male,Yes
60fe291fece25b50115ffd5f,APPROVED,9/8/2021 18:51,9/8/2021 18:52,59.796,21,Younger,77,4,96,13/08/2021 19:01,4EC5868A,United States,United States,Part-Time,English,United States,Female,Yes
60fe2d07dabeda0d80513fa0,APPROVED,15/08/2021 20:36,15/08/2021 21:08,1905.577,21,Younger,49,1,99,18/08/2021 15:30,3F1B330D,United States,United States,Unemployed (and job seeking),English,United States,Male,Yes
60fe3b42a1f1d9c940bb77b6,APPROVED,12/8/2021 2:32,12/8/2021 2:33,75.108,25,Younger,53,0,100,13/08/2021 19:27,AFEB42C4,United States,United States,Full-Time,English,United States,Female,No
60fe510c54a33e6a2fbc6997,APPROVED,9/8/2021 18:18,9/8/2021 18:47,1685.049,20,Younger,47,0,100,13/08/2021 19:07,4EC5868A,United States,United States,Unemployed (and job seeking),English,United States,Female,Yes
60ff101783b9d38e4e225561,APPROVED,11/8/2021 16:26,11/8/2021 16:39,782.475,25,Younger,66,1,100,13/08/2021 19:27,AFEB42C4,United States,United States,Full-Time,English,United States,Female,No
60ff36cf9a4bcce076105cd1,APPROVED,9/8/2021 14:06,9/8/2021 14:35,1792.784,24,Younger,48,0,100,13/08/2021 19:11,4EC5868A,United States,United States,Full-Time,Japanese,United States,Female,No
60ff6e80dad89b82091c850a,APPROVED,9/8/2021 17:51,9/8/2021 17:52,90.059,25,Younger,61,0,100,13/08/2021 19:19,4EC5868A,United States,United States,Full-Time,English,United States,Female,No
60ff85b88d97f7060fc30793,APPROVED,9/8/2021 17:50,9/8/2021 18:19,1773.883,18,Younger,55,1,98,13/08/2021 19:51,76F16CF7,United States,United States,Part-Time,English,United States,Female,No
60ff893494867586d5d506ca,APPROVED,11/8/2021 17:06,11/8/2021 17:19,746.64,24,Younger,19,0,100,13/08/2021 19:28,AFEB42C4,United States,United States,Unemployed (and job seeking),English,United States,Female,Yes
610018e24a38c13256a3a41b,APPROVED,9/8/2021 18:18,9/8/2021 18:46,1678.542,24,Younger,89,0,100,13/08/2021 19:08,4EC5868A,United States,United States,Part-Time,English,United States,Female,No
61002b174a64f106fb46f6a0,APPROVED,9/8/2021 18:17,9/8/2021 18:46,1690.428,23,Younger,61,0,100,13/08/2021 19:08,4EC5868A,United States,United States,Other,English,United States,Female,Yes
6100319c0c4730c4efc39c40,APPROVED,9/8/2021 18:21,9/8/2021 18:57,2163.92,69,Older,71,0,100,13/08/2021 20:10,68A1D0D8,United States,United States,"Not in paid work (e.g. homemaker', 'retired or disabled)",English,United States,Female,No
61009d39b7033ceaa5cac9e2,APPROVED,9/8/2021 17:50,9/8/2021 18:18,1696.182,20,Younger,42,0,100,13/08/2021 19:51,76F16CF7,United States,United States,Unemployed (and job seeking),Spanish,United States,Female,Yes
6101df9705d4006a6f6b485e,APPROVED,17/08/2021 02:10,17/08/2021 02:42,1934.874,67,Older,91,0,100,19/08/2021 14:41,74637B33,United States,United States,"Not in paid work (e.g. homemaker', 'retired or disabled)",English,United States,Female,No
6102dacce29b57b1e268c13a,APPROVED,11/8/2021 16:20,11/8/2021 16:30,628.391,22,Younger,45,0,100,13/08/2021 19:32,AFEB42C4,United States,United States,Full-Time,English,United States,Female,Yes
61031c8beec2a4e07607cef2,APPROVED,9/8/2021 17:52,9/8/2021 18:23,1821.059,20,Younger,35,0,100,13/08/2021 19:00,4EC5868A,United States,United States,Unemployed (and job seeking),Spanish,United States,Female,Yes
61032274bad76a096a09f0b0,APPROVED,9/8/2021 17:52,9/8/2021 18:22,1776.692,22,Younger,88,0,100,13/08/2021 19:18,4EC5868A,United States,United States,Unemployed (and job seeking),English,United States,Female,No
61042092a9d145110f3995a5,APPROVED,12/8/2021 5:04,12/8/2021 5:15,650.825,24,Younger,21,0,100,13/08/2021 19:30,AFEB42C4,United States,United States,Unemployed (and job seeking),English,United States,Female,No
6105619fd55674bb2c2f0f74,APPROVED,9/8/2021 17:50,9/8/2021 18:23,1981.266,24,Younger,111,2,98,13/08/2021 19:51,76F16CF7,United States,United States,Other,English,United States,Female,No
61057003a06aaf6ab19fcbaa,APPROVED,9/8/2021 15:45,9/8/2021 16:14,1706.643,26,Younger,60,1,100,13/08/2021 19:16,4EC5868A,United States,United States,Part-Time,Vietnamese,United States,Female,No
6105db2c2adfb029fba91134,APPROVED,9/8/2021 14:28,9/8/2021 15:06,2279.013,20,Younger,20,2,96,13/08/2021 19:47,76F16CF7,United States,United States,Part-Time,English,United States,Female,Yes
6106cf3e7b12956ec6ec24f7,APPROVED,9/8/2021 17:56,9/8/2021 18:26,1756.123,27,Younger,33,1,97,13/08/2021 19:17,4EC5868A,United States,United States,Full-Time,English,United States,Female,No
6107740e5c6a35f9f56c2380,APPROVED,15/08/2021 15:40,15/08/2021 16:21,2467.72,20,Younger,22,0,100,18/08/2021 15:19,4EC5868A,United States,United States,Other,Chinese,United States,Male,Yes
6107f349217073b43a3684af,APPROVED,16/08/2021 16:21,16/08/2021 17:11,3030.486,24,Younger,88,0,100,19/08/2021 14:04,76F16CF7,United States,United States,Full-Time,English,United States,Male,No
6107fb2b8dd70cee9a8631b8,APPROVED,11/8/2021 17:04,11/8/2021 17:12,493.815,26,Younger,42,0,100,13/08/2021 19:31,AFEB42C4,United States,United States,Full-Time,English,United States,Female,No
6107fe6352c0d5caf82049ce,APPROVED,11/8/2021 14:41,11/8/2021 14:58,1021.349,24,Younger,48,0,100,13/08/2021 19:23,AFEB42C4,United States,United States,Other,English,United States,Female,Yes
6108114eaacc3458294b244c,APPROVED,12/8/2021 12:26,12/8/2021 12:41,928.833,23,Younger,54,0,100,13/08/2021 19:26,AFEB42C4,United States,United States,Part-Time,English,United States,Female,No
61082e948ef64d7be2877728,APPROVED,9/8/2021 18:19,9/8/2021 18:50,1870.5,21,Younger,70,0,100,13/08/2021 19:06,4EC5868A,United States,United States,Due to start a new job within the next month,English,United States,Female,Yes
61084126f133c28acb14c15b,APPROVED,9/8/2021 18:19,9/8/2021 19:00,2466.864,26,Younger,83,2,97,13/08/2021 19:48,76F16CF7,United States,United States,Part-Time,English,United States,Female,No
610849bef1efadc16c4fbcb8,APPROVED,9/8/2021 18:19,9/8/2021 18:49,1840.573,22,Younger,52,0,100,13/08/2021 19:49,76F16CF7,United States,United States,Part-Time,English,United States,Female,Yes
6108525078b82c7305104b94,APPROVED,9/8/2021 18:00,9/8/2021 18:30,1806.883,70,Older,79,1,99,13/08/2021 20:10,68A1D0D8,United States,United States,"Not in paid work (e.g. homemaker', 'retired or disabled)",English,United States,Male,No
6108545e9675eea0c89fe634,APPROVED,9/8/2021 14:01,9/8/2021 14:30,1751.528,22,Younger,40,0,100,13/08/2021 19:12,4EC5868A,United States,United States,Part-Time,English,United States,Female,No
610867e7247a26fab6311337,APPROVED,11/8/2021 15:53,11/8/2021 16:02,531.185,22,Younger,77,0,100,13/08/2021 19:29,AFEB42C4,China,United States,Full-Time,Chinese,United States,Female,No
61087e4fc006ee7d6be38641,APPROVED,9/8/2021 19:45,9/8/2021 20:13,1711.823,27,Younger,169,0,100,13/08/2021 19:05,4EC5868A,United States,United States,Full-Time,English,United States,Male,No
61088bfc77f5657c993c2434,APPROVED,9/8/2021 15:31,9/8/2021 16:01,1768.82,21,Younger,67,0,100,13/08/2021 19:16,4EC5868A,United States,United States,Unemployed (and job seeking),English,United States,Female,Yes
61092b06fe592935c696876c,APPROVED,24/08/2021 12:26,24/08/2021 13:06,2434.851,26,Younger,116,1,100,28/08/2021 12:40,3F1B330D,United States,United States,Full-Time,English,United States,Male,No
610945ba1656f2e0fe132bd6,APPROVED,9/8/2021 14:19,9/8/2021 14:47,1691.803,23,Younger,36,0,100,13/08/2021 19:45,76F16CF7,United States,United States,Part-Time,English,United States,Female,Yes
6109d02d858eb25de018183b,APPROVED,11/8/2021 18:39,11/8/2021 18:53,847.488,24,Younger,65,1,99,13/08/2021 19:27,AFEB42C4,Mexico,United States,Part-Time,Spanish,United States,Female,Yes
6109e112e8ac283513400f8b,APPROVED,9/8/2021 14:31,9/8/2021 15:05,2028.197,19,Younger,68,0,100,13/08/2021 19:52,NOCODE,United States,United States,"Not in paid work (e.g. homemaker', 'retired or disabled)",English,United States,Female,Yes
6109e748475660487861cb7b,APPROVED,9/8/2021 14:29,9/8/2021 15:01,1943.001,21,Younger,47,0,100,13/08/2021 19:46,76F16CF7,United States,United States,Part-Time,English,United States,Female,Yes
6109efd91ad1b40849bf35c9,APPROVED,9/8/2021 17:55,9/8/2021 18:23,1656.302,26,Younger,71,0,100,13/08/2021 19:04,76F16CF7,Mexico,United States,Part-Time,Spanish,United States,Female,No
610a147248683af1c5abc840,APPROVED,9/8/2021 18:19,9/8/2021 18:48,1762.871,28,Younger,64,0,100,13/08/2021 19:49,76F16CF7,United States,United States,Part-Time,English,United States,Female,Yes
610a180bcfa89c76662c1f73,APPROVED,9/8/2021 18:19,9/8/2021 19:10,3042.902,21,Younger,49,0,100,13/08/2021 19:49,76F16CF7,United States,United States,Unemployed (and job seeking),English,United States,Female,No
610acff48cec3814c1d2919d,APPROVED,9/8/2021 18:17,9/8/2021 18:48,1881.81,23,Younger,34,0,100,13/08/2021 19:50,76F16CF7,United States,United States,Unemployed (and job seeking),Gujarati,United States,Female,No
610aefc141c6a35dd05bb40f,APPROVED,11/8/2021 20:41,11/8/2021 20:53,726.913,22,Younger,77,0,100,13/08/2021 19:29,AFEB42C4,United States,United States,Part-Time,English,United States,Female,No
610c31ed55ae106d89664995,APPROVED,24/08/2021 15:52,24/08/2021 16:29,2209.269,28,Younger,58,1,100,28/08/2021 12:45,76F16CF7,United States,United States,Full-Time,English,United States,Male,No
610c3dd3425aa056883e3e02,APPROVED,9/8/2021 18:22,9/8/2021 18:56,2055.31,22,Younger,89,2,99,13/08/2021 19:01,4EC5868A,United States,United States,Full-Time,English,United States,Male,No
610d0ab011bcefd67c969f4f,APPROVED,9/8/2021 18:27,9/8/2021 19:13,2769.335,22,Younger,65,0,100,13/08/2021 19:48,76F16CF7,DATA EXPIRED,United States,DATA EXPIRED,DATA EXPIRED,United States,Female,DATA EXPIRED
610d57d6edc4728a09f5039b,APPROVED,11/8/2021 17:26,11/8/2021 17:34,496.265,20,Younger,71,0,100,13/08/2021 20:01,AFEB42C4,United States,United States,Unemployed (and job seeking),English,United States,Female,Yes
610dd5abe50788790180e682,APPROVED,9/8/2021 16:02,9/8/2021 16:31,1761.096,18,Younger,41,0,100,13/08/2021 19:47,76F16CF7,Philippines,United States,"Not in paid work (e.g. homemaker', 'retired or disabled)",English,United States,Male,Yes
610f9794f422508160196dba,APPROVED,16/08/2021 14:47,16/08/2021 14:54,416.045,25,Younger,18,0,100,19/08/2021 13:54,76F16CF7,United States,United States,Part-Time,English,United States,Male,Yes
610f9ad7973b15152555e275,APPROVED,23/08/2021 17:50,23/08/2021 18:34,2668.305,21,Younger,63,1,100,28/08/2021 12:38,4EC5868A,United States,United States,DATA EXPIRED,English,United States,Male,Yes
610ff301b2cdc3acd8e1a0cb,APPROVED,9/8/2021 18:17,9/8/2021 18:46,1720.438,25,Younger,38,0,100,13/08/2021 19:49,76F16CF7,United States,United States,Other,English,United States,Female,Yes
611082cfb3fe052fb53cda43,APPROVED,9/8/2021 14:32,9/8/2021 15:06,2079.073,18,Younger,36,0,100,13/08/2021 19:46,76F16CF7,United States,United States,Other,English,United States,Female,Yes
6110916cf0537a104af5fb0b,APPROVED,11/8/2021 15:06,11/8/2021 15:17,649.436,28,Younger,72,0,100,13/08/2021 19:25,AFEB42C4,United States,United States,Full-Time,English,United States,Female,No
61109c07179defc0c85c67e3,APPROVED,11/8/2021 18:19,11/8/2021 18:36,1028.295,19,Younger,55,0,100,13/08/2021 19:31,AFEB42C4,United States,United States,Other,English,United States,Female,Yes
6110a3e49c750eb66b55186c,APPROVED,9/8/2021 14:25,9/8/2021 14:54,1722.592,23,Younger,49,0,100,13/08/2021 19:47,76F16CF7,United States,United States,Full-Time,English,United States,Female,No
6110a441930ff77e4d604f16,APPROVED,9/8/2021 18:17,9/8/2021 18:19,130.12,19,Younger,51,0,100,13/08/2021 19:48,76F16CF7,United States,United States,Part-Time,English,United States,Female,Yes
6110a7b1244e8fcd0d72d429,APPROVED,11/8/2021 15:23,11/8/2021 15:39,955.098,25,Younger,46,0,100,13/08/2021 19:30,AFEB42C4,United States,United States,Unemployed (and job seeking),English,United States,Female,Yes
6110ad1ee97f88f6b15e418d,APPROVED,11/8/2021 15:17,11/8/2021 15:34,1001.023,26,Younger,71,1,100,13/08/2021 19:28,AFEB42C4,United States,United States,Other,English,United States,Female,No
6110f76c894901080c15e3c4,APPROVED,9/8/2021 14:00,9/8/2021 14:31,1858.244,24,Younger,41,0,100,13/08/2021 19:14,4EC5868A,United States,United States,Full-Time,English,United States,Female,Yes
61110431f955c0f9b50de401,APPROVED,11/8/2021 19:11,11/8/2021 19:22,645.747,22,Younger,25,0,100,13/08/2021 19:25,AFEB42C4,United States,United States,"Not in paid work (e.g. homemaker', 'retired or disabled)",English,United States,Female,Yes
6111117cc879aaabc0231495,APPROVED,26:57.7,55:35.2,1717.534,19,Younger,57,0,100,03:47.3,3F1B330D,United States,United States,Unemployed (and job seeking),English,United States,Female,Yes
611112142433b5e95c84acd9,APPROVED,11/8/2021 18:22,11/8/2021 18:31,508.911,26,Younger,38,0,100,13/08/2021 19:25,AFEB42C4,United States,United States,Full-Time,English,United States,Female,No
6111242ed9a8281e4d114538,APPROVED,11/8/2021 15:20,11/8/2021 15:35,922.083,23,Younger,42,4,93,13/08/2021 19:26,AFEB42C4,United States,United States,Due to start a new job within the next month,English,United States,Female,Yes
611127b05041268a0df21f5a,APPROVED,9/8/2021 14:05,9/8/2021 14:06,76.131,29,Younger,55,1,99,13/08/2021 19:11,4EC5868A,United States,United States,Full-Time,English,United States,Female,No
6111299ba7aede3df217d7fe,APPROVED,9/8/2021 14:01,9/8/2021 14:30,1721.205,20,Younger,91,1,100,13/08/2021 19:13,4EC5868A,United States,United States,Part-Time,English,United States,Female,Yes
61112a88edde204415687a61,APPROVED,9/8/2021 14:05,9/8/2021 14:33,1730.013,22,Younger,28,0,100,13/08/2021 19:11,4EC5868A,United States,United States,Unemployed (and job seeking),English,United States,Female,Yes
61112ae331af5e3d36ba3c67,APPROVED,11/8/2021 14:46,11/8/2021 15:07,1251.796,18,Younger,54,1,100,13/08/2021 19:24,AFEB42C4,United States,United States,Other,English,United States,Female,Yes
611169961cfd1f112c73bc83,APPROVED,15/08/2021 15:51,15/08/2021 16:19,1679.063,19,Younger,52,0,100,18/08/2021 15:19,4EC5868A,United States,United States,Part-Time,English,United States,Male,Yes
611172f5f138c6b08a91f928,APPROVED,15/08/2021 16:34,15/08/2021 17:07,1973.909,20,Younger,64,0,100,18/08/2021 15:22,NOCODE,United States,United States,DATA EXPIRED,English,United States,Male,Yes
6111aa745bca846a15f1ee55,APPROVED,16/08/2021 15:36,16/08/2021 16:08,1920.791,23,Younger,88,0,100,19/08/2021 13:59,76F16CF7,United States,United States,Part-Time,English,United States,Male,No
6111c25fe5063b12111e56ac,APPROVED,15/08/2021 16:50,15/08/2021 17:19,1717.756,67,Older,59,5,89,18/08/2021 19:54,68A1D0D8,United States,United States,"Not in paid work (e.g. homemaker', 'retired or disabled)",English,United States,Female,No
6111decfac0adf8c9593b982,APPROVED,15/08/2021 20:52,15/08/2021 21:27,2140.833,20,Younger,104,0,100,18/08/2021 15:31,3F1B330D,United States,United States,Part-Time,Vietnamese,United States,Male,Yes
61120b45c48a14ebaae1e5b2,APPROVED,1/9/2021 3:30,1/9/2021 4:01,1865.599,65,Older,43,1,99,5/9/2021 17:31,C89946EC,United States,United States,Full-Time,English,United States,Female,No
6112b1980564a45c40c40d50,APPROVED,16/08/2021 15:57,16/08/2021 16:25,1681.173,23,Younger,101,0,100,19/08/2021 14:02,76F16CF7,United States,United States,Full-Time,English,United States,Male,No
6112c77c4cb58daede378463,APPROVED,15/08/2021 20:38,15/08/2021 21:05,1631.717,20,Younger,85,1,100,18/08/2021 15:31,3F1B330D,United States,United States,Part-Time,English,United States,Male,Yes
6113a03134af4db6024f1d5b,APPROVED,16/08/2021 14:42,16/08/2021 15:17,2128.219,24,Younger,69,0,100,19/08/2021 13:51,76F16CF7,United States,United States,Part-Time,English,United States,Male,No
611438fdc05c615836e00806,APPROVED,16/08/2021 18:43,16/08/2021 19:11,1687.196,22,Younger,28,0,100,18/08/2021 20:31,4EC5868A,United States,United States,Unemployed (and job seeking),English,United States,Male,No
61157df0f13a462b29cdf8d6,APPROVED,18/08/2021 19:14,18/08/2021 19:28,874.95,28,Younger,49,3,92,18/08/2021 19:42,AFEB42C4,United States,United States,Full-Time,English,United States,Male,No
6115a875419da019bd80a690,APPROVED,15/08/2021 20:25,15/08/2021 21:05,2391.358,20,Younger,34,0,100,18/08/2021 15:30,3F1B330D,Cuba,United States,Full-Time,Spanish,United States,Male,No
611620ca6f83b82fc8f0dcf2,APPROVED,24/08/2021 15:00,24/08/2021 16:23,5028.713,27,Younger,28,1,99,28/08/2021 12:45,76F16CF7,United States,United States,Full-Time,English,United States,Male,No
611688156f6d22853511ffb3,APPROVED,15/08/2021 22:05,15/08/2021 22:35,1850.655,20,Younger,95,0,100,18/08/2021 15:30,3F1B330D,United States,United States,Part-Time,English,United States,Male,No
6116f05c6596a7f9f6ee482f,APPROVED,15/08/2021 15:20,15/08/2021 15:50,1780.102,28,Younger,36,2,92,18/08/2021 15:18,4EC5868A,United States,United States,Other,Portuguese,United States,Male,Yes
61170f89591c9e07bfa22d5f,APPROVED,15/08/2021 15:27,15/08/2021 15:55,1705.699,24,Younger,74,0,100,18/08/2021 15:19,4EC5868A,United States,United States,Unemployed (and job seeking),English,United States,Male,No
611774f2dc499c072d6446a7,APPROVED,30/08/2021 13:18,30/08/2021 13:46,1702.362,24,Younger,20,0,100,13/09/2021 01:05,3F1B330D,DATA EXPIRED,United States,DATA EXPIRED,DATA EXPIRED,United States,Male,DATA EXPIRED
6117f6388428f7fc03e16eb2,APPROVED,16/08/2021 15:20,16/08/2021 16:08,2836.637,24,Younger,69,0,100,19/08/2021 13:49,76F16CF7,United States,United States,Unemployed (and job seeking),English,United States,Male,No
6118abbd7e8a06351575d426,APPROVED,15/08/2021 14:30,15/08/2021 15:24,3238.834,28,Younger,58,0,100,18/08/2021 15:18,4EC5868A,United States,United States,DATA EXPIRED,English,United States,Male,DATA EXPIRED
6118bb54f71679ccd023989e,APPROVED,15/08/2021 14:51,15/08/2021 15:58,4000.749,26,Younger,48,0,100,18/08/2021 15:18,4EC5868A,DATA EXPIRED,United States,DATA EXPIRED,English,United States,Male,Yes
61194d67cf13024bcdf7c246,APPROVED,15/08/2021 18:42,15/08/2021 19:08,1575.32,18,Younger,85,0,100,18/08/2021 15:29,3F1B330D,United States,United States,Unemployed (and job seeking),English,United States,Male,No
611cb322f47b2de8ff3aae92,APPROVED,23/08/2021 16:08,23/08/2021 16:57,2950.612,23,Younger,63,1,100,28/08/2021 12:38,4EC5868A,United States,United States,Full-Time,English,United States,Male,No
6123edc799de1e1894257e4b,APPROVED,23/08/2021 19:48,23/08/2021 20:16,1682.154,21,Younger,75,0,100,28/08/2021 12:40,3F1B330D,United States,United States,Unemployed (and job seeking),English,United States,Male,No
6125683ecc3d6758cb35a8c1,APPROVED,30/08/2021 16:42,30/08/2021 17:20,2244.015,24,Younger,71,1,99,5/9/2021 15:49,76F16CF7,DATA EXPIRED,United States,Full-Time,English,United States,Male,DATA EXPIRED
60cd01b70abd404265f56be5,APPROVED,21/08/2021 23:11,21/08/2021 23:12,89.209,65,Older,133,3,97,24/08/2021 12:38,4BA74306,United States,United States,Full-Time,English,CONSENT REVOKED,Female,No
